r_mi,c_mi,n_components,n_bodies,main_share,n_holes,holes_sqmi,max_hole_sqmi,main_perimeter_mi,pinned_share,gap_p90_ft
0.25,0.5,43,8,0.973891979185358,80,311.3577140318575,29.046762346682712,777.1704084427071,0.6826855123674912,4499.9558680635355
0.25,0.75,30,6,0.9778395837071595,38,288.6958764074813,40.069023737214046,670.8447343227601,0.5896219756641541,6589.925947801393
0.25,1.0,19,2,0.9965009869011304,17,206.46955959505752,35.81180287256402,723.8937288348092,0.5103866882946994,9419.898678063473
0.25,1.5,10,1,0.998654225731204,7,98.04370821828621,24.362828643927852,619.586148685024,0.4320648020785573,13459.649727545853
0.25,2.0,8,1,0.9989233805849632,1,39.7407377686998,39.7407377686998,535.8485771911025,0.36740536528469936,17289.88075851567
0.5,0.5,24,4,0.9789162031221963,42,204.1671589192377,31.18761403072682,693.6666769456164,0.7588598263528641,4199.954193181343
0.5,0.75,16,1,0.9977570428853401,22,177.67261530973903,24.413122611539084,741.5391085364856,0.6579149001379169,7499.859196517553
0.5,1.0,9,1,0.998654225731204,14,147.0159630632038,23.30336530167686,669.1311050122378,0.5951996829979338,9329.768234002679
0.5,1.5,8,1,0.9989233805849632,6,92.28971047084465,37.65842625688578,562.6552930472899,0.5015651822679996,13399.638928837003
0.5,2.0,5,1,0.9993719720078952,1,16.035723435863936,16.035723435863936,549.8091587949557,0.4243196693076128,19499.94867017866
0.75,0.5,10,1,0.9985645074466176,24,132.20276168118627,18.509755912782737,764.5107256119088,0.7988208189858051,4799.9008670221265
0.75,0.75,9,1,0.998654225731204,19,122.5615716738698,15.467197753474222,644.3469369355641,0.7196225971430251,6899.902300404582
0.75,1.0,9,1,0.998654225731204,10,107.33598403542973,34.99086923905618,574.1275288399548,0.659266345582899,8819.98065813326
0.75,1.5,7,1,0.9990130988695496,1,27.786843070905764,27.786843070905764,550.9686022146251,0.5509074659700259,12939.618452780931
0.75,2.0,2,1,0.9999102817154136,1,19.541885473602022,19.541885473602022,546.1147991556542,0.4899601179122594,18419.91145842239
