area_sqmi,lon,lat,n_pre2016_inside
24.413122611539084,-104.19661917617101,32.16860389858349,0
22.851531372370868,-103.04040744258086,31.19531378183278,0
20.399159982946006,-103.83565044746817,32.14655857394237,1
17.416790873542684,-104.30031148199414,31.742226615110347,0
14.317385982754093,-103.52232781644685,31.70404033653435,68
10.561939506281506,-103.3370597532839,31.99129084700932,1
10.529944789713548,-103.10945827593885,31.289570410607293,0
6.985933590786258,-104.2630792088368,32.152383480606794,0
5.279084587842068,-104.09723359301104,31.672974161741198,2
4.963007680432972,-103.19122051044182,31.127376518275035,0
4.833545800099996,-103.03812712561162,31.27741816019893,0
4.4871562742933015,-103.0998253119557,31.528693242581245,0
4.310818139421348,-103.90622472113255,32.23643477454942,0
4.158070842224843,-103.37724936206064,31.05076587823398,2
3.6153186691575647,-103.28937742333254,31.979840261588407,0
3.6030962878708164,-103.4342843405064,31.051980915426054,21
3.4856938786321465,-103.59428133722092,32.51894494772641,2
2.8442317324308695,-104.08811779207794,32.05714462913614,0
2.7768997134526865,-103.2507937637971,31.192752230241698,1
2.0151495417500804,-104.19030515378195,32.443661761063744,0
2.010527362614152,-104.03242966062986,32.59413884790041,0
1.8142060895821523,-103.42523735775488,31.618899945195214,8
