swap_class,api10,well_name,operator,state_code,county,formation_blueox,cons_suggest,tvd_ft,planned,tvd_round,cons_own_delta,cons_nearest_delta,margin_ratio,cons_n_witness,sql23_nearest,oil12_kft,cohort,verdict
WCB_1->WCA,4238934296,OATMAN STATE UNIT 11-14 1H,Petro-Hunt,42,Reeves,WCB_1,WCA_2,9742,FALSE,FALSE,130,64,2.03125,14,WCB_1,5394.084732,FALSE,AGREE
WCB_1->WCA,4238937017,ST. CLAIR UNIT 2827 1 11H,Apache,42,Reeves,WCB_1,WCA_1,10554,FALSE,FALSE,127,34,3.735294118,33,WCA_2,21887.14097,TRUE,AGREE
WCB_1->WCA,3001542291,NORTH BRUSHY DRAW FEDERAL COM 35 #005H,Devon,30,Eddy,WCB_1,WCA_2,10589,FALSE,FALSE,,17.5,inf,35,WCA_2,21467.16486,FALSE,AGREE
WCB_1->WCA,3002552978,CHINCOTEAGUE 8 32 FEDERAL STATE COM #733H,Devon,30,Lea,WCB_1,WCA_2,12062,FALSE,FALSE,,40,inf,50,WCA_2,29268.61555,TRUE,AGREE
WCB_1->WCA,4230135015,AFTERMATH EAST B UNIT 304H,ConocoPhillips,42,Loving,WCB_1,WCA_2,12209,FALSE,FALSE,,12,inf,13,WCA_2,24009.51522,TRUE,REJECT
WCB_1->WCA,4238934179,EL JEFE 80 802H,ConocoPhillips,42,Reeves,WCB_1,WCA_2,10116,FALSE,FALSE,,103,inf,38,WCA_2,8710.820452,FALSE,REJECT
WCB_1->WCA,4238937575,MEATLOAF 58W 1H,Apache,42,Reeves,WCB_1,WCA_2,10304,FALSE,FALSE,,120,inf,14,WCB_1,24170.40862,FALSE,REJECT
WCB_1->WCA,4238941618,ROYLETTE 2 BTF 705H,ConocoPhillips,42,Reeves,WCB_1,WCA_2,9882,FALSE,FALSE,,24,inf,39,WCA_2,,FALSE,AGREE
WCB_1->WCA,4247537887,OMAHA 175-176 1HX,Manti,42,Ward,WCB_1,WCA_2,11309,FALSE,FALSE,,9,inf,31,WCA_2,13964.31388,TRUE,AGREE
WCB_1->WCA,4249534698,UL YELLOWTAIL H 21-29-17 WB 8H,Apache,42,Winkler,WCB_1,WCA_2,11909,FALSE,FALSE,,0,inf,35,WCA_1,11088.37772,TRUE,AGREE
BS3_S->WCA,4247537054,H.B. MORRISON 11H,Diamondback,42,Ward,BS3_S,WCA_1,11137,FALSE,FALSE,86.5,42,2.05952381,31,WCA_1,31580.78603,FALSE,REJECT
BS3_S->WCA,3002548592,PREVAIL FEDERAL COM #602H,Devon,30,Lea,BS3_S,WCA_2,12211,FALSE,FALSE,148,31,4.774193548,32,WCA_2,24394.64231,TRUE,AGREE
BS3_S->WCA,4247538516,SHELL 41 UNIT 22 221H,Permian Resources,42,Ward,BS3_S,WCA_1,10690,FALSE,FALSE,242,15,16.13333333,33,WCA_1,15502.29095,TRUE,AGREE
BS3_S->WCA,3001553215,POKER LAKE UNIT 21 DTD #105H,Exxon Mobil,30,Eddy,BS3_S,WCA_2,10917,TRUE,FALSE,,81,inf,63,BS3_S,,FALSE,REJECT
BS3_S->WCA,3002545604,JAMES 20 29 FEDERAL COM #039H,Devon,30,Lea,BS3_S,WCA_1,11880,TRUE,FALSE,,115,inf,57,WCA_1,36481.93364,TRUE,REJECT
BS3_S->WCA,3002548106,LHS WILDCAT FEDERAL COM #604H,Devon,30,Lea,BS3_S,WCA_2,12040,TRUE,FALSE,,94.5,inf,20,BS3_S,19299.60578,TRUE,REJECT
BS3_S->WCA,4237139495,STATE B&B SISTERS 0833B-143 1H,Swordfish Energy Operating,42,Pecos,BS3_S,WCA_1,9127,FALSE,FALSE,,4,inf,17,WCA_1,15123.52407,TRUE,AGREE
BS3_S->WCA,4238939343,ALTAI 23 1BS,Diamondback,42,Reeves,BS3_S,WCA_1,10848,FALSE,FALSE,,87,inf,16,BS3_S,27978.55592,TRUE,REJECT
BS3_S->WCA,4247536767,JIM ED 3H,Crescent Energy,42,Ward,BS3_S,WCA_1,11179,FALSE,FALSE,,92,inf,39,WCA_1,7768.625828,FALSE,REJECT
BS3_S->WCA,4249534699,UL YELLOWTAIL I 21-29-17 WA 9H,Apache,42,Winkler,BS3_S,WCA_1,11792,FALSE,FALSE,,117,inf,34,WCA_1,25858.43637,TRUE,AGREE
WCA->BS3_S,4247535521,MONROE 34-180 1H,Occidental,42,Ward,WCA_1,BS3_S,10951,FALSE,FALSE,97,47,2.063829787,27,BS3_S,15361.43309,FALSE,REJECT
WCA->BS3_S,3001548579,RANA SALADA FEDERAL 01 #231H,Permian Resources,30,Eddy,WCA_1,BS3_S,9800,TRUE,TRUE,157,42,3.738095238,27,BS3_S,19881.43028,TRUE,REJECT
WCA->BS3_S,3001542809,DIAMOND PWU 22 #011H,Devon,30,Eddy,WCA_1,BS3_S,9099,FALSE,FALSE,,67,inf,58,BS3_S,27255.84416,FALSE,AGREE
WCA->BS3_S,3001549052,TATER TOT 2 35 FEDERAL COM #622H,Devon,30,Eddy,WCXY,BS3_S,10328,TRUE,FALSE,,52.5,inf,61,WCA_1,34762.31138,TRUE,REJECT
WCA->BS3_S,3002542446,TORO 36 B3BO STATE #001H,Mewbourne,30,Lea,WCA_2,BS3_S,11685,FALSE,FALSE,,112.5,inf,19,BS3_S,39942.26804,FALSE,AGREE
WCA->BS3_S,3002548478,BELL LAKE UNIT NORTH #409H,Kaiser Francis,30,Lea,WCA_1,BS3_S,11424,FALSE,FALSE,,117.5,inf,35,BS3_S,24296.91432,TRUE,AGREE
WCA->BS3_S,3002552588,ROBIN FEDERAL #201H,Permian Resources,30,Lea,WCA_1,BS3_S,11047,FALSE,FALSE,,29,inf,35,BS3_S,18726.13065,TRUE,AGREE
WCA->BS3_S,4230132904,SILVERTIP 76-17 P 1H,Occidental,42,Loving,WCXY,BS3_S,12064,FALSE,FALSE,,81.5,inf,49,WCXY,17234.91379,TRUE,REJECT
WCA->BS3_S,4238937872,STATE ASPEN C UNIT 1H,EOG,42,Reeves,WCA_1,BS3_S,10458,FALSE,FALSE,,79.5,inf,16,BS3_S,14318.02971,TRUE,REJECT
WCA->BS3_S,4249534450,UL 20 SILVER SPOON F 3907H,ConocoPhillips,42,Winkler,WCA_1,BS3_S,11664,FALSE,FALSE,,118,inf,24,WCA_1,15757.77096,TRUE,REJECT
WCA->WCB_1,4230136504,GAR UNIT 402AH,Apache,42,Loving,WCA_2,WCB_1,10545,FALSE,FALSE,161,79,2.037974684,39,WCA_2,23452.45245,TRUE,REJECT
WCA->WCB_1,3002544239,ZIA HILLS UNIT 1932 WC #112H,ConocoPhillips,30,Lea,WCA_2,WCB_1,11975,FALSE,FALSE,123.5,34,3.632352941,32,WCB_1,20188.92443,TRUE,AGREE
WCA->WCB_1,4210933936,WACO KID STATE UNIT 34 6H,Permian Resources,42,Culberson,WCA_2,WCB_1,7586,FALSE,FALSE,108,10,10.8,14,WCB_1,8574.84917,TRUE,REJECT
WCA->WCB_1,3001553472,RANA SALADA FEDERAL COM 0112 #224H,Permian Resources,30,Eddy,WCA_2,WCB_1,10075,TRUE,FALSE,,22.5,inf,42,WCA_2,20863.53318,TRUE,REJECT
WCA->WCB_1,4210933097,HUEY STATE 24 2H,Permian Resources,42,Culberson,WCA_2,WCB_1,7886,FALSE,FALSE,,88,inf,20,WCA_1,20412.16216,FALSE,REJECT
WCA->WCB_1,4210934126,DONERAIL 8 FEE UNIT 9H,Devon,42,Culberson,WCA_2,WCB_1,9034,FALSE,FALSE,,64,inf,36,WCA_2,11367.05062,TRUE,REJECT
WCA->WCB_1,4230136640,BIG EASY 54-2-6 UNIT 2 21H,Occidental,42,Loving,WCA_2,WCB_1,11845,FALSE,FALSE,,53.5,inf,49,WCB_1,15340.66693,TRUE,AGREE
WCA->WCB_1,4238936015,E STORM STATE 33 1H,Perun Energy,42,Reeves,WCA_2,WCB_1,9848,FALSE,FALSE,,11.5,inf,15,BS3_S,41206.6886,FALSE,AGREE
WCA->WCB_1,4238941028,STATE ELLA MAE 57-T2-14X23 BH W20 W208H,BP,42,Reeves,WCA_2,WCB_1,10272,FALSE,FALSE,,34,inf,40,WCA_2,9939.540742,TRUE,AGREE
WCA->WCB_1,4249535028,CHUCKWAGON 34-39A4 B 11H,Apache,42,Winkler,WCA_2,WCB_1,12113,FALSE,FALSE,,90,inf,12,WCA_2,25293.73226,TRUE,REJECT
BS3_C->BS2_S,3001543819,CEDAR CANYON 28 FEDERAL COM #008H,Occidental,30,Eddy,BS3_C,BS2_S,8712,FALSE,FALSE,107,34.5,3.101449275,55,BS2_S,51946.86949,FALSE,AGREE
BS3_C->BS2_S,3001549581,WILD TURKEY 36 35 B2HE STATE COM #001H,Mewbourne,30,Eddy,BS3_C,BS2_S,7501,TRUE,FALSE,152,15,10.13333333,13,BS2_S,14823.74212,TRUE,AGREE
BS3_C->BS2_S,3001541457,BIG EDDY UNIT #256H,Exxon Mobil,30,Eddy,BS3_C,BS2_S,9220,FALSE,FALSE,,80,inf,21,BS3_C,22017.18856,FALSE,AGREE
BS3_C->BS2_S,3001543227,SOLUTION FEDERAL COM #003H,Permian Resources,30,Eddy,BS3_C,BS2_S,8477,FALSE,FALSE,,44,inf,16,BS3_C,9146.39444,FALSE,AGREE
BS3_C->BS2_S,3001545606,SWEET TEA 31 SB FEDERAL COM #007H,ConocoPhillips,30,Eddy,BS3_C,BS2_S,8466,FALSE,FALSE,,33.5,inf,47,BS2_S,26975.50512,TRUE,AGREE
BS3_C->BS2_S,3001546965,ALEUTIAN 10 3 FEDERAL COM #212H,Devon,30,Eddy,BS3_C,BS2_S,10278,FALSE,FALSE,,110,inf,42,BS2_S,24441.06541,TRUE,AGREE
BS3_C->BS2_S,3001555239,MOCKINGBIRD 16 17 FEDERAL COM #523H,Mewbourne,30,Eddy,BS3_C,BS2_S,7653,FALSE,FALSE,,75,inf,7,BS3_C,26354.6136,TRUE,AGREE
BS3_C->BS2_S,3002541537,DOS ABUELOS FEE #002H,Matador,30,Lea,BS3_C,BS2_S,9905,FALSE,FALSE,,39,inf,11,BS3_C,31043.78563,FALSE,AGREE
BS3_C->BS2_S,4210933622,DR STATE WISE UNIT 1 104 1043SB,Chevron,42,Culberson,BS3_C,BS2_S,7480,FALSE,FALSE,,92,inf,23,BS2_S,16487.00436,TRUE,AGREE
BS3_C->BS2_S,4230137369,MAMMOTH 54-1-18-19 U 63H,Occidental,42,Loving,BS3_C,BS2_S,10312,FALSE,FALSE,,120,inf,61,BS3_C,,FALSE,REJECT
BS2_S->BS3_C,3002550374,CO GRIZZLY 3 10 FEDERAL COM #417H,Chevron,30,Lea,BS2_S,BS3_C,10807,TRUE,FALSE,251,115,2.182608696,70,BS3_S,27575.42325,TRUE,AGREE
BS2_S->BS3_C,3001534505,OATMEAL 8 FEDERAL COM #002H,EOG,30,Eddy,BS2_S,BS3_C,8035,FALSE,FALSE,,41,inf,23,BS3_C,10016.4859,FALSE,can't find
BS2_S->BS3_C,3001541327,CEDAR CANYON 22 #002H,Occidental,30,Eddy,BS2_S,BS3_C,8813,FALSE,FALSE,,6,inf,66,BS2_S,14652.22222,FALSE,REJECT
BS2_S->BS3_C,3001543708,CEDAR CANYON 22 FEDERAL COM #004H,Occidental,30,Eddy,BS2_S,BS3_C,8820,FALSE,FALSE,,6,inf,57,BS2_S,43188.37314,FALSE,REJECT
BS2_S->BS3_C,3001547295,GALAPAGOS 14 26 FEDERAL COM #212H,Devon,30,Eddy,BS2_S,BS3_C,10379,FALSE,FALSE,,95.5,inf,27,BS2_S,24127.45674,FALSE,REJECT
BS2_S->BS3_C,3001549892,RIO GRANDE 2 1 STATE COM #523H,Mewbourne,30,Eddy,BS2_S,BS3_C,7667,FALSE,FALSE,,7,inf,14,BS3_C,17208.28779,TRUE,REJECT
BS2_S->BS3_C,3001556940,CERROS LOCOS 6 5 FEDERAL COM #528H,Mewbourne,30,Eddy,BS2_S,BS3_C,7846,FALSE,FALSE,,114,inf,18,BS2_S,,FALSE,REJECT
BS2_S->BS3_C,3002541473,W BELL LAKE 26 FEDERAL #002H,Devon,30,Lea,BS2_S,BS3_C,11314,FALSE,FALSE,,34,inf,69,BS3_C,64916.42582,FALSE,REJECT
BS2_S->BS3_C,3002546606,PYTHON 36 STATE COM #503H,EOG,30,Lea,BS2_S,BS3_C,11018,FALSE,FALSE,,52.5,inf,96,BS3_C,28574.38998,FALSE,AGREE
BS2_S->BS3_C,4249534937,UL SUGARLOAF A4 32BS,Apache,42,Winkler,BS2_S,BS3_C,11261,FALSE,FALSE,,20.5,inf,28,BS3_C,14116.81223,TRUE,AGREE
WCB_2->WCA,4237139544,ROOSTERFISH UNIT 22SE 2H,VTX Energy,42,Pecos,WCB_2,WCA_1,10672,FALSE,FALSE,120,6,20,22,WCA_1,23791.19595,TRUE,REJECT
WCB_2->WCA,3001553259,POKER LAKE UNIT 21 DTD #172H,Exxon Mobil,30,Eddy,WCB_2,WCA_1,11274,TRUE,FALSE,,8,inf,64,WCA_1,,FALSE,AGREE
WCB_2->WCA,3001556246,ROSS DRAW 35 26 23 FEDERAL COM #410H,Devon,30,Eddy,WCB_2,WCA_1,10918,FALSE,FALSE,,79,inf,30,WCA_1,,FALSE,AGREE
WCB_2->WCA,4230137638,SILVERTIP 76-16 UNIT Q 25H,Occidental,42,Loving,WCB_2,WCA_2,12447,FALSE,FALSE,,17,inf,50,WCA_2,,FALSE,AGREE
WCB_2->WCA,4237139345,OATES 10N-2 1H,Diamondback,42,Pecos,WCB_2,WCA_1,10133,FALSE,FALSE,,45.5,inf,10,WCA_1,23913.72125,TRUE,AGREE
WCB_2->WCA,4237139459,COUNTY LINE 2920A-C2 1H,VTX Energy,42,Pecos,WCB_2,WCA_1,10650,FALSE,FALSE,,24.5,inf,28,WCA_1,17408.42323,TRUE,AGREE
WCB_2->WCA,4237140024,ROOSTERFISH UNIT 22SE23 23H,VTX Energy,42,Pecos,WCB_2,WCA_1,10787,FALSE,FALSE,,109,inf,22,WCB_2,12081.75448,TRUE,REJECT
WCB_2->WCA,4237140369,JAVELINA CHARMER 27-28 UNIT 4311H,Greenlake Energy,42,Pecos,WCB_2,WCA_1,10617,FALSE,FALSE,,1,inf,26,WCA_1,17332.44021,TRUE,AGREE
WCB_2->WCA,4247537507,SEALY RANCH 750 7502H,Battalion Oil,42,Ward,WCB_2,WCA_2,11242,FALSE,FALSE,,16,inf,9,WCB_1,18634.87567,TRUE,REJECT
WCB_2->WCA,4247538465,STATE MUDSLINGER 8685N 8612HR,Continental Resources,42,Ward,WCB_2,WCA_2,11281,FALSE,FALSE,,55,inf,29,WCA_2,12577.56069,TRUE,AGREE
WCC->WCA,3001543623,POKER LAKE UNIT #464H,Exxon Mobil,30,Eddy,WCC,WCA_2,11227,FALSE,FALSE,557,118,4.720338983,50,WCA_2,29572.62846,TRUE,AGREE
WCC->WCA,3001546712,POKER LAKE UNIT 17 TWR #126H,Exxon Mobil,30,Eddy,WCC,WCA_1,11899,TRUE,FALSE,704,112,6.285714286,38,WCA_1,11365.23929,TRUE,AGREE
WCC->WCA,4247536794,MUDSLINGER 34-85 3HU,Continental Resources,42,Ward,WCC,WCA_2,11287,FALSE,FALSE,345.5,39,8.858974359,26,WCB_2,14699.85323,FALSE,AGREE
WCC->WCA,3001545932,POKER LAKE UNIT 29 BS #124H,Exxon Mobil,30,Eddy,WCC,WCA_2,11782,TRUE,FALSE,796,38,20.94736842,59,WCA_2,16067.73791,TRUE,AGREE
WCC->WCA,3001545840,POKER LAKE UNIT 13 DTD #124H,Exxon Mobil,30,Eddy,WCC,WCA_2,11800,TRUE,TRUE,704,23,30.60869565,50,WCA_2,20807.37661,TRUE,REJECT
WCC->WCA,3001545468,POKER LAKE UNIT 20 BD #102H,Exxon Mobil,30,Eddy,WCC,WCA_2,11061,TRUE,FALSE,,116,inf,35,WCA_2,16735.55377,TRUE,REJECT
WCC->WCA,3001546347,CICADA UNIT #038H,Chevron,30,Eddy,WCC,WCA_2,9273,TRUE,FALSE,,61,inf,27,WCA_2,8175.93874,TRUE,I don't trust the planned survey. GOR looks more like a deep wolfcamp than WCA. I think tvd is wrong.
WCC->WCA,4230136689,LOS VAQUEROS UNIT 3 443H,Permian Resources,42,Loving,WCC,WCA_2,12706,FALSE,FALSE,,17,inf,77,WCA_1,6940.893979,TRUE,AGREE
WCC->WCA,4230136723,EL CAMPEON SOUTH FED COM 431H,Permian Resources,42,Loving,WCC,WCA_2,12789,FALSE,FALSE,,34,inf,80,WCA_2,8238.705137,TRUE,AGREE
WCC->WCA,4247537345,CATMAN 6263C-34 1H,Continental Resources,42,Ward,WCC,WCA_2,11281,FALSE,FALSE,,39,inf,15,WCA_2,29172.80796,TRUE,AGREE
WCA->WCB_2,3002549832,MODELO 10 FEDERAL COM #741H,EOG,30,Lea,WCA_1,WCB_2,12829,FALSE,FALSE,513,86.5,5.930635838,81,WCB_2,39080.54273,TRUE,AGREE
WCA->WCB_2,3001556933,SANDLOT 9 8 FEE #825H,Mewbourne,30,Eddy,WCA_1,WCB_2,9452,TRUE,FALSE,570.5,64.5,8.84496124,19,WCB_2,,FALSE,AGREE
WCA->WCB_2,4238937383,DIEZ UNIT 10 2H,Apache,42,Reeves,WCA_1,WCB_2,10896,FALSE,FALSE,513,33,15.54545455,25,WCB_2,31651.83625,TRUE,I drilled this well. The tvd is wrong. Investigate. My records show tvd is 10383.
WCA->WCB_2,3001553762,POKER LAKE UNIT 19 DTD #112H,Exxon Mobil,30,Eddy,WCA_1,WCB_2,11435,TRUE,FALSE,824,32,25.75,51,WCB_2,16128.51448,FALSE,I don't trust the planned survey. GOR looks more like a WCA. I think tvd is wrong.
WCA->WCB_2,3001547303,COTTON DRAW UNIT #607H,Devon,30,Eddy,WCA_2,WCB_2,12540,FALSE,FALSE,,49,inf,73,WCA_2,13897.57817,FALSE,AGREE
WCA->WCB_2,3001553826,POKER LAKE UNIT 19 DTD #310H,Exxon Mobil,30,Eddy,WCA_1,WCB_2,11466,TRUE,FALSE,,62,inf,50,WCB_2,15772.07962,FALSE,I don't trust the planned survey. GOR looks more like a WCA. I think tvd is wrong.
WCA->WCB_2,3001553827,POKER LAKE UNIT 19 DTD #312H,Exxon Mobil,30,Eddy,WCXY,WCB_2,11488,TRUE,FALSE,,84,inf,51,WCB_2,11681.30038,FALSE,I don't trust the planned survey. GOR looks more like a WCA. I think tvd is wrong.
WCA->WCB_2,3002548354,RATTLESNAKE 28 FEDERAL COM #514H,EOG,30,Lea,WCA_2,WCB_2,13084,TRUE,FALSE,,6,inf,82,WCA_2,29180.20516,TRUE,no conviction
WCA->WCB_2,3002551417,FORGE FEDERAL COM #703H,Devon,30,Lea,WCA_1,WCB_2,12400,TRUE,TRUE,,107,inf,24,WCA_1,17519.59967,TRUE,can't find
WCA->WCB_2,4247535273,CIMAREX UNIVERSITY 18-41 'B' 1H,Apache,42,Ward,WCXY,WCB_2,12200,FALSE,TRUE,,4.5,inf,46,WCB_2,24615.3603,FALSE,can't find
OTHER->WCA,3001545988,HH SO 8 5 FEDERAL 004 #002H,Chevron,30,Eddy,OTHER,WCA_2,9167,FALSE,FALSE,,64,inf,26,WCB_1,19217.92006,TRUE,AGREE
OTHER->WCA,3002546247,FEZ FEDERAL COM #710H,ConocoPhillips,30,Lea,OTHER,WCA_1,12455,FALSE,FALSE,,8,inf,36,WCA_2,34553.40786,TRUE,AGREE
OTHER->WCA,3002548939,SAKER 6 7 FEDERAL COM #038H,Occidental,30,Lea,OTHER,WCA_1,12074,FALSE,FALSE,,57,inf,21,WCA_1,15201.08586,TRUE,AGREE
OTHER->WCA,3002552240,CATHY BRYCE FEDERAL COM #214H,Matador,30,Lea,OTHER,WCA_2,12101,FALSE,FALSE,,110,inf,11,WCC,16220.73133,TRUE,no conviction
OTHER->WCA,3002553670,JOHN CALLAHAN FEDERAL COM #201H,Matador,30,Lea,OTHER,WCA_2,12367,FALSE,FALSE,,73,inf,27,OTHER,24164.41804,FALSE,AGREE
OTHER->WCA,3002553671,JOHN CALLAHAN FEDERAL COM #202H,Matador,30,Lea,OTHER,WCA_2,12370,FALSE,FALSE,,91,inf,26,OTHER,,FALSE,AGREE
OTHER->WCA,4237140013,STATE LONGS 8-7 UNIT 1WA,Diamondback,42,Pecos,OTHER,WCA_1,9385,FALSE,FALSE,,70,inf,6,BS3_S,21851.30355,TRUE,AGREE
OTHER->WCA,4238939884,MCGARY-TUDOR WEST 4H,Upcurve Energy,42,Reeves,OTHER,WCA_1,10030,FALSE,FALSE,,10,inf,26,WCA_1,,FALSE,is this a duplicate well name? yes I would agree with WCA but there is already a mcgary tudor west 4H well right here with a WCA tag.
OTHER->WCA,4247537226,STATE 5913A GG HOUSTON 1H,Continental Resources,42,Ward,OTHER,WCA_2,11330,FALSE,FALSE,,49,inf,28,WCC,26221.91168,TRUE,AGREE
BS3_S->BS2_S,3001541359,IRRITABLE 22 STATE COM #002H,EOG,30,Eddy,BS3_S,BS2_S,7755,FALSE,FALSE,,13,inf,17,BS2_S,39013.41317,FALSE,AGREE
BS3_S->BS2_S,3001549001,CICADA UNIT #051H,Chevron,30,Eddy,BS3_S,BS2_S,7675,FALSE,FALSE,,11,inf,30,BS2_S,34920.01485,TRUE,AGREE
BS3_S->BS2_S,3001555056,MULE 11 23 FEDERAL COM #301H,Devon,30,Eddy,BS3_S,BS2_S,10475,FALSE,FALSE,,44.5,inf,36,BS2_S,21747.08036,TRUE,AGREE
BS3_S->BS2_S,3001555123,PRATER 10 9 24S 28E RB #124H,Matador,30,Eddy,BS3_S,BS2_S,8195,FALSE,FALSE,,33.5,inf,44,BS2_S,9919.148539,TRUE,AGREE
BS3_S->BS2_S,3002550805,BRAVOS 15 10 B2OB FEDERAL COM #001H,Mewbourne,30,Lea,BS3_S,BS2_S,9512,TRUE,FALSE,,69,inf,7,BS2_S,41201.06726,TRUE,AGREE
BS3_S->BS2_S,3002551743,COBALT 32 STATE COM #501H,EOG,30,Lea,BS3_S,BS2_S,11060,FALSE,FALSE,,59,inf,75,BS2_S,29085.55287,FALSE,AGREE
BS3_S->BS2_S,3002551744,COBALT 32 STATE COM #502H,EOG,30,Lea,BS3_S,BS2_S,11060,FALSE,FALSE,,59,inf,74,BS2_S,22126.77485,FALSE,AGREE
WCA->WCC,3001549869,POKER LAKE UNIT 22 DTD #151H,Exxon Mobil,30,Eddy,WCA_2,WCC,12094,TRUE,FALSE,655,97,6.75257732,30,WCB_2,32872.40185,FALSE,I don't trust the planned survey. GOR looks more like a WCA. I think tvd is wrong.
WCA->WCC,3001547280,GOONCH FEDERAL COM 0409 #235H,Permian Resources,30,Eddy,WCA_1,WCC,10287,TRUE,FALSE,707,75.5,9.364238411,24,WCC,39729.69697,FALSE,I don't trust the planned survey. GOR looks more like a WCA. I think tvd is wrong.
WCA->WCC,3001547063,GOONCH FEDERAL COM 0409 #234H,Permian Resources,30,Eddy,WCA_1,WCC,10295,TRUE,FALSE,694.5,71,9.781690141,24,WCC,22889.83626,TRUE,I don't trust the planned survey. GOR looks more like a WCA. I think tvd is wrong.
WCA->WCC,3001555316,PRECIOUS 30 18 FEDERAL COM #042H,Occidental,30,Eddy,WCA_1,WCC,12169,FALSE,FALSE,754,43,17.53488372,32,WCA_1,15919.05316,TRUE,AGREE
WCA->WCC,3001549114,POKER LAKE UNIT 29 20 BS #158H,Exxon Mobil,30,Eddy,WCA_2,WCC,12520,TRUE,FALSE,,39,inf,30,WCC,44544.00527,TRUE,I don't trust the planned survey. GOR looks more like a WCA. I think tvd is wrong.
WCA->WCC,3001554424,POKER LAKE UNIT 23 DTD FEDERAL COM #179H,Exxon Mobil,30,Eddy,WCA_1,WCC,12271,FALSE,FALSE,,60,inf,45,WCC,17363.00289,FALSE,AGREE
BS2_S->WCA,3001553218,POKER LAKE UNIT 21 DTD #121H,Exxon Mobil,30,Eddy,BS2_S,WCA_2,11028,TRUE,FALSE,,30,inf,62,WCA_2,,FALSE,no conviction
BS2_S->WCA,3001553260,POKER LAKE UNIT 21 DTD #173H,Exxon Mobil,30,Eddy,BS2_S,WCA_2,10988,TRUE,FALSE,,10,inf,60,BS2_S,,FALSE,REJECT. Tvd is for sure wrong but I think this is a bs2_s
BS2_S->WCA,3001553381,POKER LAKE UNIT 21 DTD #171H,Exxon Mobil,30,Eddy,BS2_S,WCA_2,10943,TRUE,FALSE,,55,inf,63,WCXY,,FALSE,REJECT. Tvd is for sure wrong but I think this is a bs2_s
BS2_S->WCA,3002547419,MUSKIE 23 11 FEDERAL COM #009H,Devon,30,Lea,BS2_S,WCA_1,12800,TRUE,TRUE,,18,inf,52,WCA_1,15974.25571,TRUE,REJECT. Tvd is for sure wrong but I think this is a bs2_s
BS2_S->WCA,3002547821,GREEN BERET FEDERAL COM #701H,ConocoPhillips,30,Lea,BS2_S,WCA_1,12641,TRUE,FALSE,,4,inf,31,WCXY,26570.31889,TRUE,REJECT. Tvd is for sure wrong but I think this is a bs2_s
BS2_S->WCA,3002549287,EIDER 35 FEDERAL #501H,ConocoPhillips,30,Lea,BS2_S,WCA_2,12326,FALSE,FALSE,,15,inf,71,WCA_2,43634.30997,TRUE,AGREE
BS2_S->BS1_S,3002554156,ROYAL OAK 25 FEDERAL COM #513H,Devon,30,Lea,BS2_S,BS1_S,9300,FALSE,TRUE,657,112.5,5.84,16,BS1_S,,FALSE,REJECT
BS2_S->BS1_S,3002554157,ROYAL OAK 25 FEDERAL COM #512H,Devon,30,Lea,BS2_S,BS1_S,9300,FALSE,TRUE,669.5,112.5,5.951111111,16,BS1_S,,FALSE,REJECT
BS2_S->BS1_S,3002554775,NORTH THISTLE 15 10 STATE COM #205H,Devon,30,Lea,BS2_S,BS1_S,10425,FALSE,FALSE,718,119,6.033613445,47,BS2_C,,FALSE,AGREE
BS2_S->BS1_S,3002554776,NORTH THISTLE 15 10 STATE COM #206H,Devon,30,Lea,BS2_S,BS1_S,10421,FALSE,FALSE,738,111,6.648648649,43,BS2_C,,FALSE,AGREE
BS2_S->BS1_S,3002553087,ALPHA STATE COM #302H,Devon,30,Lea,BS2_S,BS1_S,9500,FALSE,TRUE,,96,inf,8,BS2_C,11269.1987,TRUE,AGREE
BS2_S->BS3_S,3002542591,PAINT 33 FEDERAL #002H,Devon,30,Lea,BS2_S,BS3_S,10775,FALSE,FALSE,141,0,141,42,BS2_S,35593.48858,FALSE,REJECT
BS2_S->BS3_S,3002551402,SD 24 13 FEDERAL P365 #421H,Chevron,30,Lea,BS2_S,BS3_S,10711,FALSE,FALSE,,55,inf,69,BS2_S,21028.27034,TRUE,REJECT
BS2_S->BS3_S,4247538156,FIRE FROG 57-32 B 2BS,Diamondback,42,Ward,BS2_S,BS3_S,10865,FALSE,FALSE,,90,inf,19,WCA_1,25738.35097,TRUE,AGREE
BS2_S->BS3_S,4247538471,CROWHEART 12BS,Apache,42,Ward,BS2_S,BS3_S,11168,FALSE,FALSE,,53,inf,32,BS3_S,13594.91525,FALSE,AGREE
BS2_S->BS3_S,4247538731,TADPOLLY 148 12BS,Apache,42,Ward,BS2_S,BS3_S,11131,FALSE,FALSE,,54,inf,39,BS3_S,12565.96943,FALSE,AGREE
WCD->WCA,3002548936,SAKER 6 7 FEDERAL #035H,Occidental,30,Lea,WCD,WCA_2,12341,TRUE,FALSE,,96,inf,22,WCC,20236.0748,TRUE,AGREE
WCD->WCA,3002553268,WEINBERGER FEDERAL COM #136H,Matador,30,Lea,WCD,WCA_2,11731,FALSE,FALSE,,112,inf,10,OTHER,21864.89668,TRUE,AGREE
WCD->WCA,3002553270,WEINBERGER FEDERAL COM #212H,Matador,30,Lea,WCD,WCA_2,11831,FALSE,FALSE,,12,inf,12,BS3_S,16616.81759,TRUE,AGREE
WCD->WCA,4230137388,JAMES WEST 1-0-41-39 B 21HA 21H,Occidental,42,Loving,WCD,WCA_2,11520,FALSE,FALSE,,6.5,inf,29,WCA_2,,FALSE,AGREE
BS1_S->WCA,3002552877,MODELO 10 FEDERAL COM #314H,EOG,30,Lea,BS1_S,WCA_1,12319,FALSE,FALSE,2404,5.5,437.0909091,79,WCA_1,18999.31441,TRUE,AGREE
BS1_S->WCA,3002553955,NEVER BETTER 14 FEDERAL COM #303H,EOG,30,Lea,BS1_S,WCA_1,12301,FALSE,FALSE,,11,inf,20,WCA_1,,FALSE,AGREE
AVA_1->WCA,3002546318,DOS EQUIS 12 13 FEDERAL COM #001H,Devon,30,Lea,AVA_1,WCA_2,12460,FALSE,FALSE,2972,42,70.76190476,66,WCA_2,48322.3114,TRUE,AGREE
AVA_1->WCA,3002552827,MODELO 10 FEDERAL COM #216H,EOG,30,Lea,AVA_1,WCA_1,12319,FALSE,FALSE,2933,5.5,533.2727273,80,WCA_1,13089.79984,TRUE,suspect tvd is wrong. Gor looks like AVA to me more that WCA
BS2_S->WCB_1,3002549229,MAGNOLIA 15 FEDERAL COM #404H,EOG,30,Lea,BS2_S,WCB_1,13013,FALSE,FALSE,2191,1.5,1460.666667,90,WCB_2,16714.0107,FALSE,AGREE
BS1_S->BS2_S,3002544694,DOMINATOR 25 FEDERAL COM #102H,ConocoPhillips,30,Lea,BS1_S,BS2_S,10968,FALSE,FALSE,,40,inf,82,BS2_S,39256.38877,FALSE,AGREE
WCA->BS3_C,4247536196,UNIVERSITY 18-18 2,Crescent Energy,42,Ward,WCA_1,BS3_C,11186,FALSE,FALSE,165,6,27.5,31,BS3_S,7765.743839,FALSE,AGREE
WCA->BS2_S,3002549658,ANDERSON FEDERAL COM #702H,Matador,30,Lea,WCA_1,BS2_S,10697,FALSE,FALSE,1323,22,60.13636364,35,BS2_S,17411.87407,TRUE,AGREE
BS3_C->WCA,3001553187,CORRAL 16 4 STATE FEDERAL COM #103H,Exxon Mobil,30,Eddy,BS3_C,WCA_1,10000,FALSE,TRUE,923,33,27.96969697,84,WCXY,14691.64749,FALSE,AGREE
WDFD->WCA,4249532816,HALEY-GARLAND ALLOCATION 8 02H,Permian Resources,42,Winkler,WDFD,WCA_2,12148,FALSE,FALSE,,24,inf,19,WCA_1,6896.110631,FALSE,AGREE
