uniform,k,cap_ft,floor_ft,perf_ref,n_good,n_rolled,hit_good,hit_rolled,added_sqmi,tpr,fpr,j,precision
False,0.75,10560.0,660.0,pool,1499,591,810,222,1947.1100000000004,0.5403602401601068,0.3756345177664975,0.16472572239360928,0.7848837209302325
False,0.75,10560.0,880.0,pool,1499,591,828,230,2074.38,0.552368245496998,0.38917089678510997,0.16319734871188807,0.782608695652174
False,0.75,10560.0,660.0,local,1499,591,808,223,1957.7200000000005,0.5390260173448966,0.377326565143824,0.16169945220107262,0.7837051406401552
False,0.75,10560.0,1320.0,pool,1499,591,871,249,2336.8500000000004,0.5810540360240161,0.4213197969543147,0.15973423906970136,0.7776785714285714
False,0.75,10560.0,880.0,local,1499,591,825,231,2084.05,0.5503669112741828,0.39086294416243655,0.15950396711174625,0.78125
False,0.75,10560.0,1320.0,local,1499,591,869,251,2349.4800000000005,0.5797198132088058,0.42470389170896783,0.155015921499838,0.7758928571428572
False,0.75,7920.0,660.0,pool,1499,591,762,210,1685.5900000000004,0.5083388925950634,0.3553299492385787,0.15300894335648468,0.7839506172839507
False,0.75,7920.0,880.0,pool,1499,591,780,218,1812.8600000000004,0.5203468979319547,0.3688663282571912,0.15148056967476348,0.781563126252505
False,0.75,7920.0,660.0,local,1499,591,760,211,1696.2000000000003,0.5070046697798533,0.3570219966159052,0.14998267316394803,0.7826982492276005
False,0.5,10560.0,660.0,local,1499,591,765,214,1899.6600000000003,0.5103402268178786,0.36209813874788493,0.14824208806999367,0.7814096016343207
False,0.75,7920.0,1320.0,pool,1499,591,823,237,2075.3300000000004,0.5490326884589727,0.4010152284263959,0.14801746003257676,0.7764150943396226
False,0.75,7920.0,880.0,local,1499,591,777,219,1822.5300000000002,0.5183455637091394,0.37055837563451777,0.14778718807462166,0.7801204819277109
False,0.5,10560.0,880.0,local,1499,591,782,221,2029.0500000000004,0.5216811207471648,0.3739424703891709,0.14773865035799388,0.7796610169491526
False,0.5,10560.0,660.0,pool,1499,591,764,214,1890.8100000000004,0.5096731154102735,0.36209813874788493,0.14757497666238856,0.7811860940695297
False,1.0,10560.0,660.0,pool,1499,591,823,238,1988.0700000000004,0.5490326884589727,0.4027072758037225,0.14632541265525018,0.7756833176248822
False,1.0,10560.0,660.0,local,1499,591,823,238,1999.2400000000005,0.5490326884589727,0.4027072758037225,0.14632541265525018,0.7756833176248822
False,0.25,10560.0,660.0,local,1499,591,729,201,1833.9000000000003,0.48632421614409604,0.3401015228426396,0.14622269330145643,0.7838709677419354
False,0.5,10560.0,880.0,pool,1499,591,782,222,2020.8300000000004,0.5216811207471648,0.3756345177664975,0.1460466029806673,0.7788844621513944
False,1.0,10560.0,880.0,local,1499,591,839,245,2124.6100000000006,0.5597064709806537,0.41455160744500846,0.14515486353564527,0.7739852398523985
False,1.0,10560.0,880.0,pool,1499,591,841,246,2114.5000000000005,0.5610406937958639,0.41624365482233505,0.1447970389735288,0.7736890524379025
False,0.5,10560.0,1320.0,pool,1499,591,833,243,2294.2100000000005,0.5557038025350234,0.41116751269035534,0.14453628984466804,0.7741635687732342
False,0.5,10560.0,1320.0,local,1499,591,835,244,2305.7200000000003,0.5570380253502335,0.4128595600676819,0.14417846528255163,0.7738646895273401
False,1.0,10560.0,1320.0,local,1499,591,882,263,2386.05,0.5883922615076718,0.4450084602368866,0.14338380127078515,0.7703056768558952
False,0.75,7920.0,1320.0,local,1499,591,821,239,2087.9600000000005,0.5476984656437625,0.40439932318104904,0.1432991424627134,0.7745283018867924
False,1.0,10560.0,1320.0,pool,1499,591,881,263,2373.1200000000003,0.5877251501000668,0.4450084602368866,0.14271668986318015,0.7701048951048951
False,0.25,10560.0,880.0,local,1499,591,754,213,1977.2400000000002,0.5030020013342228,0.3604060913705584,0.1425959099636644,0.7797311271975181
False,0.25,10560.0,660.0,pool,1499,591,731,204,1827.2300000000002,0.4876584389593062,0.34517766497461927,0.14248077398468695,0.7818181818181819
False,0.25,10560.0,1320.0,local,1499,591,819,240,2282.9800000000005,0.5463642428285523,0.40609137055837563,0.1402728722701767,0.773371104815864
False,0.25,10560.0,1320.0,pool,1499,591,819,241,2271.76,0.5463642428285523,0.4077834179357022,0.13858082489285012,0.7726415094339623
False,0.25,10560.0,880.0,pool,1499,591,756,217,1970.5200000000004,0.5043362241494329,0.36717428087986465,0.13716194326956826,0.7769784172661871
False,0.5,7920.0,660.0,local,1499,591,716,202,1638.1400000000003,0.47765176784523017,0.34179357021996615,0.13585819762526402,0.7799564270152506
False,0.5,7920.0,880.0,local,1499,591,733,209,1767.5300000000002,0.48899266177451634,0.3536379018612521,0.13535475991326423,0.778131634819533
False,0.5,7920.0,660.0,pool,1499,591,715,202,1629.2900000000004,0.4769846564376251,0.34179357021996615,0.13519108621765896,0.7797164667393675
False,1.0,7920.0,660.0,pool,1499,591,775,226,1726.5500000000004,0.5170113408939293,0.3824027072758037,0.13460863361812558,0.7742257742257742
False,1.0,7920.0,660.0,local,1499,591,775,226,1737.7200000000003,0.5170113408939293,0.3824027072758037,0.13460863361812558,0.7742257742257742
False,0.25,7920.0,660.0,local,1499,591,680,189,1572.3800000000003,0.4536357571714476,0.3197969543147208,0.13383880285672678,0.7825086306098964
False,0.5,7920.0,880.0,pool,1499,591,733,210,1759.3100000000004,0.48899266177451634,0.3553299492385787,0.13366271253593764,0.777306468716861
False,1.0,7920.0,880.0,local,1499,591,791,233,1863.0900000000001,0.5276851234156104,0.3942470389170897,0.13343808449852068,0.7724609375
False,1.0,7920.0,880.0,pool,1499,591,793,234,1852.9800000000005,0.5290193462308206,0.39593908629441626,0.13308025993640432,0.7721518987341772
False,0.5,7920.0,1320.0,pool,1499,591,784,231,2032.6900000000005,0.5230153435623749,0.39086294416243655,0.13215239939993834,0.7724137931034483
False,0.5,7920.0,1320.0,local,1499,591,786,232,2044.2000000000005,0.524349566377585,0.3925549915397631,0.13179457483782192,0.7721021611001965
False,1.0,7920.0,1320.0,local,1499,591,834,251,2124.5300000000007,0.5563709139426284,0.42470389170896783,0.13166702223366056,0.7686635944700461
False,1.0,7920.0,1320.0,pool,1499,591,833,251,2111.6000000000004,0.5557038025350234,0.42470389170896783,0.13099991082605555,0.768450184501845
False,0.25,7920.0,880.0,local,1499,591,705,201,1715.7200000000003,0.4703135423615744,0.3401015228426396,0.1302120195189348,0.7781456953642384
False,0.25,7920.0,660.0,pool,1499,591,682,192,1565.7100000000003,0.4549699799866578,0.3248730964467005,0.1300968835399573,0.7803203661327232
False,0.25,7920.0,1320.0,local,1499,591,770,228,2021.4600000000003,0.513675783855904,0.38578680203045684,0.1278889818254471,0.7715430861723447
False,0.25,7920.0,1320.0,pool,1499,591,770,229,2010.2400000000005,0.513675783855904,0.38747884940778343,0.12619693444812052,0.7707707707707707
False,0.25,7920.0,880.0,pool,1499,591,707,205,1709.0000000000002,0.47164776517678453,0.34686971235194586,0.12477805282483867,0.7752192982456141
False,0.75,5280.0,660.0,pool,1499,591,552,182,1320.9600000000003,0.3682454969979987,0.3079526226734349,0.06029287432456382,0.7520435967302452
False,0.75,5280.0,880.0,pool,1499,591,571,190,1448.2300000000005,0.380920613742495,0.32148900169204736,0.05943161205044761,0.7503285151116952
False,0.75,5280.0,660.0,local,1499,591,551,183,1331.42,0.3675783855903936,0.3096446700507614,0.05793371553963217,0.7506811989100818
False,0.75,5280.0,1320.0,pool,1499,591,614,209,1710.7000000000003,0.409606404269513,0.3536379018612521,0.0559685024082609,0.7460510328068044
False,0.75,5280.0,880.0,local,1499,591,568,191,1457.7500000000002,0.3789192795196798,0.32318104906937395,0.05573823045030585,0.7483530961791831
False,0.75,5280.0,1320.0,local,1499,591,612,211,1723.1800000000003,0.4082721814543029,0.3570219966159052,0.05125018483839766,0.7436208991494532
False,0.5,5280.0,660.0,local,1499,591,514,174,1274.9300000000003,0.342895263509006,0.29441624365482233,0.04847901985418368,0.747093023255814
False,0.5,5280.0,880.0,local,1499,591,531,181,1404.3200000000002,0.3542361574382922,0.3062605752961083,0.04797558214218389,0.7457865168539326
False,0.5,5280.0,660.0,pool,1499,591,513,174,1266.0800000000004,0.34222815210140095,0.29441624365482233,0.04781190844657862,0.7467248908296943
False,0.25,5280.0,660.0,local,1499,591,478,161,1209.1700000000003,0.3188792528352235,0.272419627749577,0.046459625085646494,0.7480438184663537
False,0.5,5280.0,880.0,pool,1499,591,531,182,1396.1000000000004,0.3542361574382922,0.3079526226734349,0.046283534764857304,0.7447405329593267
False,0.5,5280.0,1320.0,pool,1499,591,583,203,1669.4800000000005,0.38892595063375585,0.34348561759729274,0.04544033303646311,0.7417302798982188
False,0.5,5280.0,1320.0,local,1499,591,585,204,1680.9900000000002,0.39026017344896596,0.34517766497461927,0.045082508474346694,0.7414448669201521
False,0.25,5280.0,880.0,local,1499,591,503,173,1352.5100000000002,0.33555703802535025,0.2927241962774958,0.042832841747854455,0.7440828402366864
False,0.25,5280.0,660.0,pool,1499,591,480,164,1202.5000000000002,0.3202134756504336,0.27749576988155666,0.04271770576887696,0.7453416149068323
False,1.0,5280.0,660.0,pool,1499,591,563,197,1358.8700000000003,0.37558372248165445,0.3333333333333333,0.04225038914832113,0.7407894736842106
False,1.0,5280.0,660.0,local,1499,591,563,197,1369.7700000000002,0.37558372248165445,0.3333333333333333,0.04225038914832113,0.7407894736842106
True,0.0,5280.0,5280.0,pool,1499,591,890,326,3441.4500000000007,0.5937291527685123,0.5516074450084603,0.042121707760052085,0.7319078947368421
False,1.0,5280.0,880.0,local,1499,591,580,204,1495.1400000000003,0.3869246164109406,0.34517766497461927,0.041746951436321345,0.7397959183673469
False,1.0,5280.0,880.0,pool,1499,591,582,205,1485.3000000000002,0.3882588392261508,0.34686971235194586,0.04138912687420493,0.7395171537484116
False,0.25,5280.0,1320.0,local,1499,591,569,200,1658.2500000000002,0.37958639092728486,0.338409475465313,0.04117691546197183,0.7399219765929779
False,1.0,5280.0,1320.0,local,1499,591,624,222,1756.5800000000004,0.4162775183455637,0.3756345177664975,0.040643000579066224,0.7375886524822695
False,1.0,5280.0,1320.0,pool,1499,591,623,222,1743.9200000000003,0.41561040693795864,0.3756345177664975,0.039975889171461165,0.7372781065088757
False,0.25,5280.0,1320.0,pool,1499,591,569,201,1647.0300000000002,0.37958639092728486,0.3401015228426396,0.03948486808464524,0.7389610389610389
False,0.25,5280.0,880.0,pool,1499,591,505,177,1345.7900000000002,0.33689126084056037,0.29949238578680204,0.03739887505375833,0.7404692082111437
False,0.75,3960.0,660.0,pool,1499,591,390,157,1126.9500000000003,0.2601734489659773,0.2656514382402707,-0.005477989274293382,0.7129798903107861
False,0.75,3960.0,880.0,pool,1499,591,409,165,1254.2200000000003,0.27284856571047367,0.27918781725888325,-0.006339251548409586,0.7125435540069687
False,0.75,3960.0,660.0,local,1499,591,389,158,1136.88,0.25950633755837227,0.2673434856175973,-0.00783714805922503,0.7111517367458866
False,0.75,3960.0,880.0,local,1499,591,407,166,1263.2100000000003,0.2715143428952635,0.2808798646362098,-0.009365521740946292,0.7102966841186736
True,0.0,660.0,660.0,pool,1499,591,69,33,461.3400000000001,0.046030687124749836,0.05583756345177665,-0.009806876327026814,0.6764705882352942
False,1.0,3960.0,660.0,pool,1499,591,398,163,1155.5200000000002,0.26551034022681785,0.27580372250423013,-0.010293382277412277,0.7094474153297683
False,0.75,3960.0,1320.0,pool,1499,591,451,184,1516.6900000000003,0.3008672448298866,0.311336717428088,-0.010469472598201413,0.710236220472441
False,0.5,3960.0,660.0,local,1499,591,367,151,1088.6000000000004,0.2448298865910607,0.25549915397631134,-0.010669267385250647,0.7084942084942085
False,0.5,3960.0,880.0,local,1499,591,384,158,1217.9900000000002,0.2561707805203469,0.2673434856175973,-0.01117270509725038,0.7084870848708487
False,0.5,3960.0,660.0,pool,1499,591,366,151,1079.8900000000003,0.24416277518345564,0.25549915397631134,-0.011336378792855706,0.7079303675048356
False,0.25,3960.0,660.0,local,1499,591,333,138,1024.3700000000001,0.22214809873248834,0.233502538071066,-0.01135443933857766,0.7070063694267515
False,1.0,3960.0,660.0,local,1499,591,396,163,1164.6600000000003,0.26417611741160774,0.27580372250423013,-0.011627605092622395,0.7084078711985689
False,1.0,3960.0,880.0,pool,1499,591,417,172,1281.9500000000003,0.2781854569713142,0.2910321489001692,-0.012846691928855014,0.7079796264855688
False,0.5,3960.0,880.0,pool,1499,591,384,159,1209.9100000000003,0.2561707805203469,0.26903553299492383,-0.012864752474576913,0.7071823204419889
False,1.0,3960.0,880.0,local,1499,591,414,171,1290.0300000000002,0.276184122748499,0.2893401015228426,-0.013155978774343602,0.7076923076923077
False,0.5,3960.0,1320.0,pool,1499,591,435,180,1483.2900000000004,0.2901934623082055,0.30456852791878175,-0.014375065610576276,0.7073170731707317
False,0.75,3960.0,1320.0,local,1499,591,450,186,1528.6400000000003,0.3002001334222815,0.3147208121827411,-0.014520678760459593,0.7075471698113207
False,0.5,3960.0,1320.0,local,1499,591,437,181,1494.6600000000003,0.2915276851234156,0.3062605752961083,-0.014732890172692692,0.7071197411003236
False,0.25,3960.0,880.0,local,1499,591,358,150,1167.7100000000003,0.23882588392261508,0.25380710659898476,-0.014981222676369671,0.7047244094488189
False,0.25,3960.0,660.0,pool,1499,591,335,141,1017.7000000000003,0.22348232154769845,0.23857868020304568,-0.015096358655347225,0.7037815126050421
True,0.0,1320.0,1320.0,pool,1499,591,171,77,903.2100000000002,0.11407605070046697,0.13028764805414553,-0.016211597353678553,0.6895161290322581
False,0.25,3960.0,1320.0,local,1499,591,423,177,1473.4500000000003,0.28218812541694466,0.29949238578680204,-0.017304260369857383,0.705
False,1.0,3960.0,1320.0,pool,1499,591,456,191,1540.5700000000002,0.30420280186791193,0.32318104906937395,-0.018978247201462017,0.7047913446676971
False,0.25,3960.0,1320.0,pool,1499,591,423,178,1462.2300000000005,0.28218812541694466,0.3011844331641286,-0.018996307747183916,0.7038269550748752
False,1.0,3960.0,1320.0,local,1499,591,455,191,1551.4700000000003,0.3035356904603069,0.32318104906937395,-0.019645358609067076,0.7043343653250774
False,0.25,2640.0,660.0,local,1499,591,241,107,845.1000000000001,0.16077384923282187,0.18104906937394247,-0.020275220141120598,0.6925287356321839
False,0.25,3960.0,880.0,pool,1499,591,360,154,1160.9900000000002,0.24016010673782523,0.26057529610829105,-0.020415189370465825,0.7003891050583657
False,0.25,2640.0,880.0,local,1499,591,266,119,988.4400000000002,0.17745163442294865,0.20135363790186125,-0.02390200347891261,0.6909090909090909
False,0.25,2640.0,660.0,pool,1499,591,243,110,838.4300000000002,0.16210807204803201,0.18612521150592218,-0.024017139457890163,0.6883852691218131
False,0.25,2640.0,1320.0,local,1499,591,331,146,1294.1800000000003,0.2208138759172782,0.2470389170896785,-0.02622504117240032,0.6939203354297694
False,0.75,2640.0,1320.0,pool,1499,591,336,148,1307.2200000000003,0.22414943295530354,0.25042301184433163,-0.026273578889028093,0.6942148760330579
False,0.25,2640.0,1320.0,pool,1499,591,331,147,1282.9600000000003,0.2208138759172782,0.24873096446700507,-0.02791708854972688,0.6924686192468619
False,0.75,2640.0,880.0,pool,1499,591,290,131,1044.7500000000002,0.1934623082054703,0.22165820642978004,-0.028195898224309734,0.6888361045130641
True,0.0,1980.0,1980.0,pool,1499,591,262,120,1339.7500000000002,0.17478318879252835,0.20304568527918782,-0.02826249648665946,0.6858638743455497
False,0.5,2640.0,1320.0,pool,1499,591,333,148,1292.8900000000003,0.22214809873248834,0.25042301184433163,-0.028274913111843297,0.6923076923076923
False,0.75,2640.0,1320.0,local,1499,591,335,149,1316.1800000000003,0.22348232154769845,0.2521150592216582,-0.02863273767395977,0.6921487603305785
False,0.5,2640.0,660.0,pool,1499,591,261,120,889.4900000000002,0.1741160773849233,0.20304568527918782,-0.02892960789426452,0.6850393700787402
False,0.5,2640.0,880.0,pool,1499,591,281,128,1019.5100000000002,0.1874583055370247,0.21658206429780033,-0.029123758760775637,0.687041564792176
False,0.25,2640.0,880.0,pool,1499,591,268,123,981.7200000000003,0.17878585723815876,0.20812182741116753,-0.029335970173008763,0.6854219948849105
False,0.5,2640.0,880.0,local,1499,591,278,127,1026.88,0.18545697131420946,0.21489001692047377,-0.029433045606264308,0.6864197530864198
False,0.5,2640.0,660.0,local,1499,591,260,120,897.4900000000002,0.1734489659773182,0.20304568527918782,-0.029596719301869606,0.6842105263157895
False,1.0,2640.0,1320.0,pool,1499,591,336,150,1315.8900000000003,0.22414943295530354,0.25380710659898476,-0.029657673643681215,0.691358024691358
False,0.75,2640.0,660.0,pool,1499,591,270,124,917.4800000000002,0.1801200800533689,0.2098138747884941,-0.02969379473512518,0.6852791878172588
False,0.5,2640.0,1320.0,local,1499,591,333,149,1303.5500000000002,0.22214809873248834,0.2521150592216582,-0.029966960489169886,0.6908713692946058
False,1.0,2640.0,1320.0,local,1499,591,335,150,1322.3500000000004,0.22348232154769845,0.25380710659898476,-0.0303247850512863,0.6907216494845361
False,0.75,2640.0,880.0,local,1499,591,286,131,1050.7500000000002,0.19079386257505004,0.22165820642978004,-0.030864343854729998,0.6858513189448441
False,1.0,2640.0,880.0,pool,1499,591,291,134,1057.2700000000002,0.1941294196130754,0.22673434856175972,-0.03260492894868433,0.6847058823529412
True,0.0,3960.0,3960.0,pool,1499,591,570,244,2621.0500000000006,0.3802535023348899,0.4128595600676819,-0.03260605773279196,0.7002457002457002
False,0.75,2640.0,660.0,local,1499,591,268,125,924.4200000000002,0.17878585723815876,0.21150592216582065,-0.032720064927661885,0.6819338422391857
False,1.0,2640.0,880.0,local,1499,591,287,133,1060.9100000000003,0.1914609739826551,0.22504230118443316,-0.03358132720177806,0.6833333333333333
False,1.0,2640.0,660.0,pool,1499,591,271,127,930.8400000000001,0.180787191460974,0.21489001692047377,-0.034102825459499775,0.6809045226130653
False,1.0,2640.0,660.0,local,1499,591,269,127,935.5400000000002,0.17945296864576385,0.21489001692047377,-0.03543704827470992,0.6792929292929293
True,0.0,2640.0,2640.0,pool,1499,591,355,163,1772.7400000000002,0.23682454969979988,0.27580372250423013,-0.03897917280443025,0.6853281853281853
