edge_no,seg_no,edge_class,side,gap_ft,perf_class,perf_ratio,buffer_ft,rule,flag,length_ft
0,297,gap,S,99.99900681748805,unknown,0.8439309156164002,1320.0,gap: k × gap,,199.9926007064388
1,298,pinned,S,0.0,unknown,0.8439309156164002,1320.0,pinned: floor,,6799.135079330148
2,301,bridge,S,1099.9890749923686,unknown,0.8439309156164002,1320.0,envelope bridge (D27),bridged gap between development trends (D27): any structural or reservoir break here?,4899.598139709104
3,302,bridge,S,0.0,unknown,0.8439309156164002,1320.0,envelope bridge (D27),bridged gap between development trends (D27): any structural or reservoir break here?,7899.404103801554
4,301,bridge,S,1099.9890749923686,unknown,0.8439309156164002,1320.0,envelope bridge (D27),bridged gap between development trends (D27): any structural or reservoir break here?,1499.8761789305624
5,298,bridge,S,0.0,unknown,0.8439309156164002,1320.0,envelope bridge (D27),bridged gap between development trends (D27): any structural or reservoir break here?,15698.839702853857
6,418,bridge,S,0.0,unknown,,1320.0,envelope bridge (D27),bridged gap between development trends (D27): any structural or reservoir break here?,29195.943437847207
7,420,pinned,S,0.0,unknown,0.7147920318352791,1320.0,pinned: floor,,27193.590080225218
8,421,bridge,S,0.0,unknown,0.7147920318352791,1320.0,envelope bridge (D27),bridged gap between development trends (D27): any structural or reservoir break here?,12798.983855342825
9,424,bridge,S,299.99702045246414,rolled,0.03492131838539148,880.0,envelope bridge (D27),bridged gap between development trends (D27): any structural or reservoir break here?,299.98890105969883
10,425,bridge,S,0.0,rolled,0.03492131838539148,880.0,envelope bridge (D27),bridged gap between development trends (D27): any structural or reservoir break here?,2999.7556923222387
11,429,bridge,S,0.0,rolled,0.37539780130483386,880.0,envelope bridge (D27),bridged gap between development trends (D27): any structural or reservoir break here?,12297.471910833876
12,430,gap,S,7099.929484041651,rolled,0.41357262588584154,2662.4735565156193,gap: k × gap,,6198.277917020422
13,431,pinned,S,0.0,unknown,,1320.0,pinned: floor,,2499.8150269621156
14,432,bridge,S,0.0,unknown,,1320.0,envelope bridge (D27),bridged gap between development trends (D27): any structural or reservoir break here?,52186.32862171392
15,457,bridge,SE,0.0,unknown,,1320.0,envelope bridge (D27),bridged gap between development trends (D27): any structural or reservoir break here?,67687.01095132441
16,459,bridge,SE,0.0,unknown,,1320.0,envelope bridge (D27),bridged gap between development trends (D27): any structural or reservoir break here?,26496.449316443675
17,460,gap,SE,2299.977156802225,unknown,,1320.0,gap: k × gap,,2599.8162904356195
18,461,bridge,SE,0.0,unknown,,1320.0,envelope bridge (D27),bridged gap between development trends (D27): any structural or reservoir break here?,8199.360983857017
19,467,bridge,SE,0.0,unknown,0.7087558390155213,1320.0,envelope bridge (D27),bridged gap between development trends (D27): any structural or reservoir break here?,22198.400428096436
20,516,bridge,SE,0.0,unknown,,1320.0,envelope bridge (D27),bridged gap between development trends (D27): any structural or reservoir break here?,18296.681013645284
21,517,pinned,SE,0.0,unknown,,1320.0,pinned: floor,,10295.791409168782
22,518,gap,SE,1399.9860954448327,unknown,,1320.0,gap: k × gap,,1699.8817333367408
23,519,pinned,SE,0.0,unknown,,1320.0,pinned: floor,,16397.504656733505
24,520,bridge,SE,8699.91359312146,rolled,0.5582179728483252,3262.4675974205475,envelope bridge (D27),bridged gap between development trends (D27): any structural or reservoir break here?,899.8441289519233
25,521,bridge,SE,0.0,rolled,0.46471151112840875,880.0,envelope bridge (D27),bridged gap between development trends (D27): any structural or reservoir break here?,31295.49145781729
26,528,bridge,SE,0.0,unknown,,1320.0,envelope bridge (D27),bridged gap between development trends (D27): any structural or reservoir break here?,40187.75498866603
27,529,bridge,SE,8399.916572668997,rolled,0.6813970032812334,3149.968714750874,envelope bridge (D27),bridged gap between development trends (D27): any structural or reservoir break here?,3199.739049992246
28,530,pinned,SE,0.0,unknown,0.7271210974067073,1320.0,pinned: floor,,6197.238928983241
29,531,gap,SE,1799.982122714785,rolled,0.6027412568549038,880.0,gap: k × gap,,1899.9297067100285
30,532,pinned,E,0.0,unknown,0.7271210974067073,1320.0,pinned: floor,,9797.137864753762
31,533,pinned,E,0.0,unknown,0.7271210974067073,1320.0,pinned: floor,,1799.9128440984696
32,534,bridge,E,0.0,unknown,0.7271210974067073,1320.0,envelope bridge (D27),bridged gap between development trends (D27): any structural or reservoir break here?,1299.9519045908833
33,535,gap,E,5399.946368144355,unknown,0.7271210974067073,3037.4698320811995,gap: k × gap,,4099.657968760133
34,536,pinned,E,0.0,unknown,,1320.0,pinned: floor,,2699.7497699824617
35,537,pinned,E,0.0,unknown,,1320.0,pinned: floor,,1199.9441001640353
36,538,pinned,E,0.0,unknown,0.7275909325865717,1320.0,pinned: floor,,1699.9371060028373
37,539,gap,E,4399.9562999694745,unknown,0.7275909325865717,2474.975418732829,gap: k × gap,,4199.722471027943
38,540,pinned,E,0.0,unknown,0.7929708475390055,1320.0,pinned: floor,,10498.510526464277
39,541,bridge,E,599.9940409049283,unknown,0.7929708475390055,1320.0,envelope bridge (D27),bridged gap between development trends (D27): any structural or reservoir break here?,999.9550536429748
40,542,bridge,E,0.0,unknown,0.7929708475390055,1320.0,envelope bridge (D27),bridged gap between development trends (D27): any structural or reservoir break here?,1699.937106004201
41,543,bridge,E,0.0,unknown,0.7929708475390055,1320.0,envelope bridge (D27),bridged gap between development trends (D27): any structural or reservoir break here?,4199.5821212659885
42,544,bridge,E,0.0,unknown,0.7929708475390055,1320.0,envelope bridge (D27),bridged gap between development trends (D27): any structural or reservoir break here?,599.9778021176431
43,556,bridge,E,0.0,unknown,,1320.0,envelope bridge (D27),bridged gap between development trends (D27): any structural or reservoir break here?,4699.654308103505
44,558,bridge,E,0.0,strong,1.067955369002093,1760.0,envelope bridge (D27),bridged gap between development trends (D27): any structural or reservoir break here?,7599.417333478029
45,559,gap,E,3099.9692113421297,strong,1.067955369002093,2324.9769085065973,gap: k × gap,,2999.8292251628723
46,560,pinned,E,0.0,strong,1.067955369002093,1760.0,pinned: floor,"pinned edge, strong wells: edge not explained by performance; what stops it?",7698.723900662201
47,561,gap,E,3399.9662317945936,rolled,0.5799555700838399,1274.9873369229726,gap: k × gap,,3899.6676565913613
48,562,pinned,E,0.0,rolled,0.6262077727501016,880.0,pinned: floor,,10998.640525319197
49,563,gap,E,1899.981129532273,rolled,0.6262077727501016,880.0,gap: k × gap,,2299.762783188409
50,564,pinned,E,0.0,rolled,0.6262077727501016,880.0,pinned: floor,,5298.285317920256
51,565,gap,E,2999.9702045246418,unknown,0.7966682911394883,1687.483240045111,gap: k × gap,,3398.393497546071
52,566,pinned,E,0.0,rolled,0.6595302525321034,880.0,pinned: floor,,14698.189733805128
53,567,gap,E,4499.955306786962,unknown,0.7032805827157632,2531.224860067666,gap: k × gap,,4198.095484197616
54,568,pinned,E,0.0,unknown,0.747030912899423,1320.0,pinned: floor,,6099.624090415542
55,569,gap,E,2699.9731840721774,strong,0.8761134088200584,2024.979888054133,gap: k × gap,,2999.7133824724733
56,570,pinned,NE,0.0,strong,0.8628641290523589,1760.0,pinned: floor,"pinned edge, strong wells: edge not explained by performance; what stops it?",19098.58892251421
57,571,gap,NE,1699.9831158972968,strong,0.9786973452052947,1760.0,gap: k × gap,,1799.8549176475585
58,572,pinned,NE,0.0,strong,0.8645909545806859,1760.0,pinned: floor,"pinned edge, strong wells: edge not explained by performance; what stops it?",12598.187274237935
59,573,gap,NE,99.99900681748805,unknown,0.750484563956077,1320.0,gap: k × gap,,99.93283392827115
60,574,bridge,NE,0.0,unknown,0.7788976197213047,1320.0,envelope bridge (D27),bridged gap between development trends (D27): any structural or reservoir break here?,2599.8537949673055
61,575,bridge,NE,4799.952327239426,unknown,0.750484563956077,2699.9731840721774,envelope bridge (D27),bridged gap between development trends (D27): any structural or reservoir break here?,2399.87522788629
62,576,bridge,NE,0.0,rolled,0.4655556444036717,880.0,envelope bridge (D27),bridged gap between development trends (D27): any structural or reservoir break here?,4399.813096060754
63,577,bridge,NE,4799.952327239426,rolled,0.4655556444036717,1799.982122714785,envelope bridge (D27),bridged gap between development trends (D27): any structural or reservoir break here?,499.96768257656936
64,578,bridge,NE,0.0,rolled,0.5772610366833759,880.0,envelope bridge (D27),bridged gap between development trends (D27): any structural or reservoir break here?,1999.8961360893873
65,579,bridge,NE,0.0,rolled,0.5772610366833759,880.0,envelope bridge (D27),bridged gap between development trends (D27): any structural or reservoir break here?,699.9741024711286
66,580,bridge,NE,5699.943388596819,rolled,0.6371097208492846,2137.4787707238074,envelope bridge (D27),bridged gap between development trends (D27): any structural or reservoir break here?,999.9630035315138
67,581,pinned,NE,0.0,rolled,0.6969584050151935,880.0,pinned: floor,,20196.836953806098
68,582,bridge,NE,4499.955306786962,rolled,0.5549622151950114,880.0,envelope bridge (D27),bridged gap between development trends (D27): any structural or reservoir break here?,3599.7388342638405
69,583,bridge,NE,0.0,rolled,0.4741661993047584,880.0,envelope bridge (D27),bridged gap between development trends (D27): any structural or reservoir break here?,15198.85231388258
70,593,pinned,NE,0.0,rolled,0.5195272183652686,880.0,pinned: floor,,26294.88436750076
71,595,bridge,NE,0.0,rolled,0.6061048447956578,880.0,envelope bridge (D27),bridged gap between development trends (D27): any structural or reservoir break here?,29592.203421037815
72,596,gap,NE,1099.9890749923686,rolled,0.6178338996365093,880.0,gap: k × gap,,599.9277606656441
73,597,pinned,NE,0.0,rolled,0.6178338996365093,880.0,pinned: floor,,2098.845951313052
74,598,bridge,NE,0.0,rolled,0.6178338996365093,880.0,envelope bridge (D27),bridged gap between development trends (D27): any structural or reservoir break here?,10397.319670661082
75,616,pinned,NE,0.0,unknown,0.8083154259493422,1320.0,pinned: floor,,21995.96365058263
76,622,bridge,N,0.0,unknown,,1320.0,envelope bridge (D27),bridged gap between development trends (D27): any structural or reservoir break here?,12398.99230561905
77,623,gap,N,4699.953320421939,unknown,,2643.7237427373407,gap: k × gap,,3999.5988464387065
78,624,bridge,N,0.0,strong,1.4546802512181203,1760.0,envelope bridge (D27),bridged gap between development trends (D27): any structural or reservoir break here?,2399.802365270735
79,625,bridge,N,0.0,strong,1.4546802512181203,1760.0,envelope bridge (D27),bridged gap between development trends (D27): any structural or reservoir break here?,999.9630035320806
80,626,gap,N,3099.9692113421297,strong,1.5576709582234007,2324.9769085065973,gap: k × gap,,2999.730883799311
81,627,pinned,N,0.0,strong,1.5576709582234007,1760.0,pinned: floor,"pinned edge, strong wells: edge not explained by performance; what stops it?",4197.016630144247
82,628,gap,N,499.9950340874403,strong,1.5576709582234007,1760.0,gap: k × gap,,399.98520141274406
83,629,pinned,N,0.0,strong,1.5576709582234007,1760.0,pinned: floor,"pinned edge, strong wells: edge not explained by performance; what stops it?",1899.2094445580633
84,630,gap,N,1299.9870886273447,strong,1.5576709582234007,1760.0,gap: k × gap,,1599.9408056505226
85,631,pinned,N,0.0,strong,1.5576709582234007,1760.0,pinned: floor,"pinned edge, strong wells: edge not explained by performance; what stops it?",1699.3660315016039
86,632,pinned,N,0.0,strong,1.6606616652286812,1760.0,pinned: floor,"pinned edge, strong wells: edge not explained by performance; what stops it?",1399.1674297331963
87,633,pinned,N,0.0,unknown,,1320.0,pinned: floor,,1399.804379568583
88,634,bridge,N,0.0,unknown,,1320.0,envelope bridge (D27),bridged gap between development trends (D27): any structural or reservoir break here?,9298.222894735216
89,643,bridge,N,0.0,strong,1.3532995318645649,1760.0,envelope bridge (D27),bridged gap between development trends (D27): any structural or reservoir break here?,9798.933894222831
90,644,gap,N,2399.976163619713,strong,1.0204967632664268,1799.982122714785,gap: k × gap,,2599.866093198361
91,645,pinned,N,0.0,strong,1.3105947603608377,1760.0,pinned: floor,"pinned edge, strong wells: edge not explained by performance; what stops it?",12798.552715357033
92,646,pinned,N,0.0,strong,1.3532995318645649,1760.0,pinned: floor,"pinned edge, strong wells: edge not explained by performance; what stops it?",9999.02657716652
93,647,gap,N,1999.980136349761,strong,1.4383429334458613,1760.0,gap: k × gap,,2099.7598286226175
94,648,pinned,N,0.0,strong,1.1756829625682013,1760.0,pinned: floor,"pinned edge, strong wells: edge not explained by performance; what stops it?",7799.1100740490565
95,649,bridge,N,2199.9781499847372,strong,1.1756829625682013,1760.0,envelope bridge (D27),bridged gap between development trends (D27): any structural or reservoir break here?,1899.8139625603312
96,650,bridge,N,0.0,strong,0.8871955222332817,1760.0,envelope bridge (D27),bridged gap between development trends (D27): any structural or reservoir break here?,2699.766957272689
97,661,pinned,N,0.0,strong,0.9412360750021103,1760.0,pinned: floor,"pinned edge, strong wells: edge not explained by performance; what stops it?",19798.313062555953
98,662,gap,N,3799.962259064546,strong,0.9412360750021103,2849.9716942984096,gap: k × gap,,3599.2294696546796
99,663,pinned,N,0.0,strong,0.9412360750021103,1760.0,pinned: floor,"pinned edge, strong wells: edge not explained by performance; what stops it?",11099.473232261635
100,664,pinned,N,0.0,strong,0.9720198170626133,1760.0,pinned: floor,"pinned edge, strong wells: edge not explained by performance; what stops it?",16599.263054084393
101,665,gap,NW,2599.9741772546895,strong,2.0356447488833234,1949.9806329410171,gap: k × gap,,2899.7873762281547
102,666,pinned,NW,0.0,strong,2.0356447488833234,1760.0,pinned: floor,"pinned edge, strong wells: edge not explained by performance; what stops it?",2799.0314043825692
103,667,gap,NW,1299.9870886273447,strong,2.0356447488833234,1760.0,gap: k × gap,,999.8820728828218
104,668,pinned,NW,0.0,strong,1.5817584418860533,1760.0,pinned: floor,"pinned edge, strong wells: edge not explained by performance; what stops it?",5799.647381503411
105,669,pinned,NW,0.0,strong,1.5817584418860533,1760.0,pinned: floor,"pinned edge, strong wells: edge not explained by performance; what stops it?",5199.605669589679
106,670,gap,NW,899.9910613573925,strong,1.0038252139656991,1760.0,gap: k × gap,,999.9630035316875
107,671,pinned,NW,0.0,strong,1.4036357181598162,1760.0,pinned: floor,"pinned edge, strong wells: edge not explained by performance; what stops it?",5296.331617784093
108,672,gap,NW,1799.982122714785,strong,1.1346587323969237,1760.0,gap: k × gap,,1799.83989110984
109,673,pinned,NW,0.0,strong,1.26914722527837,1760.0,pinned: floor,"pinned edge, strong wells: edge not explained by performance; what stops it?",1599.940805650045
110,674,gap,NW,1699.9831158972968,strong,1.26914722527837,1760.0,gap: k × gap,,1699.8988136857952
111,675,bridge,NW,0.0,strong,1.26914722527837,1760.0,envelope bridge (D27),bridged gap between development trends (D27): any structural or reservoir break here?,7199.365609689643
112,676,bridge,NW,0.0,strong,1.2294232884286536,1760.0,envelope bridge (D27),bridged gap between development trends (D27): any structural or reservoir break here?,7399.568857415903
113,687,gap,NW,2899.9711977071534,strong,0.9145122813560718,2174.978398280365,gap: k × gap,,16394.904033321574
114,688,bridge,NW,0.0,strong,0.9145122813560718,1760.0,envelope bridge (D27),bridged gap between development trends (D27): any structural or reservoir break here?,6499.576132641563
115,690,bridge,NW,0.0,strong,0.8615295470508704,1760.0,envelope bridge (D27),bridged gap between development trends (D27): any structural or reservoir break here?,13998.980876394571
116,699,bridge,NW,0.0,rolled,0.11179958757591779,880.0,envelope bridge (D27),bridged gap between development trends (D27): any structural or reservoir break here?,11494.577173997093
117,700,gap,NW,1299.9870886273447,rolled,0.11179958757591779,880.0,updip of depth limit -> floor (D27),updip of the depth limit (shallow side rolls over): no reach past the last wells,899.9667031788937
118,701,pinned,NW,0.0,rolled,0.11179958757591779,880.0,updip of depth limit -> floor (D27),updip of the depth limit (shallow side rolls over): no reach past the last wells,7999.442746643112
119,702,bridge,NW,7299.927497676627,rolled,0.11179958757591779,880.0,envelope bridge (D27),bridged gap between development trends (D27): any structural or reservoir break here?,4599.666761463694
120,703,bridge,NW,0.0,unknown,,1320.0,envelope bridge (D27),bridged gap between development trends (D27): any structural or reservoir break here?,5699.516717673788
121,704,bridge,NW,0.0,unknown,,1320.0,envelope bridge (D27),bridged gap between development trends (D27): any structural or reservoir break here?,2199.87014184309
122,705,bridge,NW,0.0,unknown,,1320.0,envelope bridge (D27),bridged gap between development trends (D27): any structural or reservoir break here?,2899.780823606057
123,706,bridge,NW,1599.9841090798088,unknown,,1320.0,envelope bridge (D27),bridged gap between development trends (D27): any structural or reservoir break here?,1999.8802942868522
124,707,bridge,NW,0.0,unknown,,1320.0,envelope bridge (D27),bridged gap between development trends (D27): any structural or reservoir break here?,6999.432030906398
125,727,bridge,NW,0.0,rolled,0.6537654886164911,880.0,envelope bridge (D27),bridged gap between development trends (D27): any structural or reservoir break here?,2999.774962756874
126,729,bridge,NW,0.0,rolled,0.6537654886164911,880.0,envelope bridge (D27),bridged gap between development trends (D27): any structural or reservoir break here?,17697.843643283275
127,733,bridge,NW,0.0,unknown,,1320.0,envelope bridge (D27),bridged gap between development trends (D27): any structural or reservoir break here?,49673.07011334398
128,734,bridge,NW,5299.9473613268665,strong,0.8803340362053276,1760.0,envelope bridge (D27),bridged gap between development trends (D27): any structural or reservoir break here?,4699.568960014248
129,0,pinned,NW,0.0,strong,0.8803340362053276,1760.0,updip of depth limit -> floor (D27),"pinned edge, strong wells: edge not explained by performance; what stops it?; updip of the depth limit (shallow side rolls over): no reach past the last wells",1299.9519045911748
130,1,pinned,NW,0.0,strong,0.8803340362053276,1760.0,updip of depth limit -> floor (D27),"pinned edge, strong wells: edge not explained by performance; what stops it?; updip of the depth limit (shallow side rolls over): no reach past the last wells",11397.96302237611
131,2,gap,NW,999.9900681748805,strong,0.9329433656981759,1760.0,updip of depth limit -> floor (D27),updip of the depth limit (shallow side rolls over): no reach past the last wells,999.9630035312894
132,3,pinned,NW,0.0,strong,0.9329433656981759,1760.0,updip of depth limit -> floor (D27),"pinned edge, strong wells: edge not explained by performance; what stops it?; updip of the depth limit (shallow side rolls over): no reach past the last wells",12498.628987118555
133,4,bridge,NW,0.0,unknown,,1320.0,envelope bridge (D27),bridged gap between development trends (D27): any structural or reservoir break here?,7599.476830338234
134,7,bridge,NW,0.0,unknown,,1320.0,envelope bridge (D27),bridged gap between development trends (D27): any structural or reservoir break here?,5499.771315838329
135,8,bridge,NW,5899.941402231795,rolled,0.5954344445019695,2212.4780258369233,envelope bridge (D27),bridged gap between development trends (D27): any structural or reservoir break here?,699.958418690663
136,9,bridge,NW,0.0,rolled,0.5954344445019695,880.0,envelope bridge (D27),bridged gap between development trends (D27): any structural or reservoir break here?,6499.605288441834
137,10,bridge,NW,0.0,rolled,0.5954344445019695,880.0,envelope bridge (D27),bridged gap between development trends (D27): any structural or reservoir break here?,17398.64550684742
138,13,gap,NW,4199.958286334499,strong,1.391122422273319,3149.968714750874,gap: k × gap,,10598.15897451752
139,10,pinned,NW,0.0,rolled,0.5954344445019695,880.0,pinned: floor,,99.9963003538034
140,13,gap,NW,4199.958286334499,strong,1.391122422273319,3149.968714750874,gap: k × gap,,99.9963003524129
141,10,pinned,NW,0.0,rolled,0.5954344445019695,880.0,pinned: floor,,399.9852014136682
142,13,gap,NW,4199.958286334499,strong,1.391122422273319,3149.968714750874,gap: k × gap,,99.9963003524129
143,10,pinned,NW,0.0,rolled,0.5954344445019695,880.0,pinned: floor,,99.9963003536485
144,13,gap,NW,4199.958286334499,strong,1.391122422273319,3149.968714750874,gap: k × gap,,99.9963003524129
145,10,pinned,NW,0.0,rolled,0.5954344445019695,880.0,pinned: floor,,99.9963003536485
146,13,bridge,NW,4199.958286334499,strong,1.391122422273319,3149.968714750874,envelope bridge (D27),bridged gap between development trends (D27): any structural or reservoir break here?,13297.822434538992
147,10,pinned,NW,0.0,rolled,0.5954344445019695,880.0,pinned: floor,,4097.675970815368
148,13,gap,NW,4199.958286334499,strong,1.391122422273319,3149.968714750874,gap: k × gap,,23990.239503523233
149,132,bridge,W,0.0,rolled,0.5676483486546392,7920.0,envelope bridge (D27),bridged gap between development trends (D27): any structural or reservoir break here?,30496.635544787863
150,138,bridge,W,0.0,rolled,0.5020529663773635,7920.0,envelope bridge (D27),bridged gap between development trends (D27): any structural or reservoir break here?,23695.751976612508
151,139,bridge,W,0.0,rolled,0.5020529663773635,7920.0,envelope bridge (D27),bridged gap between development trends (D27): any structural or reservoir break here?,11498.896867376807
152,143,bridge,W,0.0,unknown,,7920.0,envelope bridge (D27),bridged gap between development trends (D27): any structural or reservoir break here?,6299.520296131538
153,186,bridge,W,0.0,unknown,,1320.0,envelope bridge (D27),bridged gap between development trends (D27): any structural or reservoir break here?,12499.030736645955
154,187,pinned,W,0.0,unknown,,1320.0,updip of depth limit -> floor (D27),updip of the depth limit (shallow side rolls over): no reach past the last wells,1699.836736217475
155,188,pinned,W,0.0,unknown,,1320.0,updip of depth limit -> floor (D27),updip of the depth limit (shallow side rolls over): no reach past the last wells,1499.9445052972408
156,189,pinned,W,0.0,unknown,,1320.0,updip of depth limit -> floor (D27),updip of the depth limit (shallow side rolls over): no reach past the last wells,1298.7426677015944
157,190,pinned,W,0.0,unknown,,1320.0,updip of depth limit -> floor (D27),updip of the depth limit (shallow side rolls over): no reach past the last wells,1999.3962941670632
158,191,gap,W,2899.9711977071534,unknown,,1320.0,updip of depth limit -> floor (D27),updip of the depth limit (shallow side rolls over): no reach past the last wells,3399.7373079433023
159,192,pinned,W,0.0,rolled,0.19291843372817857,880.0,updip of depth limit -> floor (D27),updip of the depth limit (shallow side rolls over): no reach past the last wells,9595.63487881522
160,193,gap,W,1699.9831158972968,rolled,0.19291843372817857,880.0,updip of depth limit -> floor (D27),updip of the depth limit (shallow side rolls over): no reach past the last wells,2099.8195113324427
161,194,pinned,W,0.0,rolled,0.19291843372817857,880.0,updip of depth limit -> floor (D27),updip of the depth limit (shallow side rolls over): no reach past the last wells,19795.60342157486
162,206,bridge,SW,0.0,strong,1.1981273914505628,1760.0,envelope bridge (D27),bridged gap between development trends (D27): any structural or reservoir break here?,8399.346454648723
163,207,gap,SW,899.9910613573925,strong,1.1981273914505628,1760.0,gap: k × gap,,899.8960625043289
164,208,pinned,SW,0.0,strong,1.1981273914505628,1760.0,pinned: floor,"pinned edge, strong wells: edge not explained by performance; what stops it?",599.9778021186593
165,209,gap,SW,599.9940409049283,strong,1.1981273914505628,1760.0,gap: k × gap,,599.97780211859
166,210,pinned,SW,0.0,strong,1.1981273914505628,1760.0,pinned: floor,"pinned edge, strong wells: edge not explained by performance; what stops it?",5999.103179276405
167,211,bridge,SW,999.9900681748805,strong,1.1981273914505628,1760.0,envelope bridge (D27),bridged gap between development trends (D27): any structural or reservoir break here?,1899.817613441108
168,212,bridge,SW,0.0,strong,1.1981273914505628,1760.0,envelope bridge (D27),bridged gap between development trends (D27): any structural or reservoir break here?,4599.611663622661
169,216,bridge,SW,0.0,unknown,0.7581240895279707,1320.0,envelope bridge (D27),bridged gap between development trends (D27): any structural or reservoir break here?,3699.6540175771875
170,218,bridge,SW,0.0,rolled,0.6020333401135854,880.0,envelope bridge (D27),bridged gap between development trends (D27): any structural or reservoir break here?,8299.306766133932
171,229,bridge,SW,0.0,rolled,0.39190200960440646,880.0,envelope bridge (D27),bridged gap between development trends (D27): any structural or reservoir break here?,34293.048263817
172,231,bridge,SW,0.0,rolled,0.39190200960440646,880.0,envelope bridge (D27),bridged gap between development trends (D27): any structural or reservoir break here?,33792.67677552581
173,232,gap,SW,399.9960272699522,rolled,0.38974843709752416,880.0,updip of depth limit -> floor (D27),updip of the depth limit (shallow side rolls over): no reach past the last wells,699.8554443440776
174,233,pinned,SW,0.0,rolled,0.38974843709752416,880.0,updip of depth limit -> floor (D27),updip of the depth limit (shallow side rolls over): no reach past the last wells,3797.0556772385576
175,234,pinned,SW,0.0,rolled,0.38974843709752416,880.0,updip of depth limit -> floor (D27),updip of the depth limit (shallow side rolls over): no reach past the last wells,2599.734592952213
176,235,bridge,SW,8199.91855903402,rolled,0.5156583441516758,880.0,envelope bridge (D27),bridged gap between development trends (D27): any structural or reservoir break here?,7699.32460663752
177,236,pinned,SW,0.0,rolled,0.6645297790443883,880.0,updip of depth limit -> floor (D27),updip of the depth limit (shallow side rolls over): no reach past the last wells,2899.321024776539
178,237,pinned,SW,0.0,rolled,0.6645297790443883,880.0,updip of depth limit -> floor (D27),updip of the depth limit (shallow side rolls over): no reach past the last wells,1499.9291814962019
179,238,gap,SW,99.99900681748805,rolled,0.6645297790443883,880.0,updip of depth limit -> floor (D27),updip of the depth limit (shallow side rolls over): no reach past the last wells,199.99260070636194
180,239,pinned,SW,0.0,rolled,0.6645297790443883,880.0,updip of depth limit -> floor (D27),updip of the depth limit (shallow side rolls over): no reach past the last wells,1399.2809042225822
181,240,pinned,SW,0.0,rolled,0.6645297790443883,880.0,updip of depth limit -> floor (D27),updip of the depth limit (shallow side rolls over): no reach past the last wells,3198.191873890623
182,241,bridge,SW,6099.939415866771,rolled,0.6645297790443883,880.0,envelope bridge (D27),bridged gap between development trends (D27): any structural or reservoir break here?,6299.564903856142
183,242,pinned,SW,0.0,unknown,,1320.0,pinned: floor,,3499.6592439490973
184,243,bridge,SW,6099.939415866771,unknown,,1320.0,envelope bridge (D27),bridged gap between development trends (D27): any structural or reservoir break here?,5899.585531385151
185,244,pinned,SW,0.0,unknown,,1320.0,pinned: floor,,2499.8229587317783
186,245,gap,SW,199.9980136349761,unknown,,1320.0,gap: k × gap,,499.981501765636
187,246,pinned,SW,0.0,unknown,,1320.0,pinned: floor,,4998.111806090005
188,247,gap,SW,2399.976163619713,unknown,,1349.9865920360887,gap: k × gap,,2599.824669370581
189,248,pinned,SW,0.0,unknown,,1320.0,pinned: floor,,2299.892848768787
190,249,gap,SW,2999.9702045246418,unknown,,1687.483240045111,gap: k × gap,,3099.7419794370003
191,250,bridge,SW,0.0,unknown,,1320.0,envelope bridge (D27),bridged gap between development trends (D27): any structural or reservoir break here?,9699.344757799225
192,259,bridge,SW,0.0,strong,0.8762857703875162,1760.0,envelope bridge (D27),bridged gap between development trends (D27): any structural or reservoir break here?,8398.232456591539
193,260,gap,SW,1099.9890749923686,strong,0.8762857703875162,1760.0,gap: k × gap,,999.9630035315189
194,261,pinned,SW,0.0,strong,0.8762857703875162,1760.0,pinned: floor,"pinned edge, strong wells: edge not explained by performance; what stops it?",7599.402907052821
195,262,bridge,SW,8499.915579486484,strong,1.1716876425905056,1760.0,envelope bridge (D27),bridged gap between development trends (D27): any structural or reservoir break here?,299.9889010593234
196,263,bridge,SW,0.0,unknown,,1320.0,envelope bridge (D27),bridged gap between development trends (D27): any structural or reservoir break here?,9499.20788572569
197,265,bridge,SW,0.0,rolled,0.39114366715429333,880.0,envelope bridge (D27),bridged gap between development trends (D27): any structural or reservoir break here?,9499.27014404225
198,266,bridge,SW,999.9900681748805,rolled,0.3539395753588638,880.0,envelope bridge (D27),bridged gap between development trends (D27): any structural or reservoir break here?,999.8910175286194
199,267,pinned,SW,0.0,rolled,0.30552803730688116,880.0,pinned: floor,,17198.394969541074
200,276,bridge,SW,0.0,rolled,0.1450688935026027,880.0,envelope bridge (D27),bridged gap between development trends (D27): any structural or reservoir break here?,45888.09214174847
201,277,gap,SW,1699.9831158972968,rolled,0.1450688935026027,880.0,gap: k × gap,,15094.576263273595
202,282,bridge,S,0.0,strong,2.1319299483414564,1760.0,envelope bridge (D27),bridged gap between development trends (D27): any structural or reservoir break here?,31094.24664138372
203,295,gap,S,6899.9314704066755,unknown,0.8439309156164002,3881.211452103755,gap: k × gap,,8393.459959592034
204,296,bridge,S,0.0,unknown,0.8439309156164002,1320.0,envelope bridge (D27),bridged gap between development trends (D27): any structural or reservoir break here?,199.99260070701203
205,295,gap,S,6899.9314704066755,unknown,0.8439309156164002,3881.211452103755,gap: k × gap,,99.99630035270926
206,296,bridge,S,0.0,unknown,0.8439309156164002,1320.0,envelope bridge (D27),bridged gap between development trends (D27): any structural or reservoir break here?,199.9926007068915
207,295,gap,S,6899.9314704066755,unknown,0.8439309156164002,3881.211452103755,gap: k × gap,,99.9963003525887
208,296,bridge,S,0.0,unknown,0.8439309156164002,1320.0,envelope bridge (D27),bridged gap between development trends (D27): any structural or reservoir break here?,17598.719379412
209,733,pinned,NW,0.0,unknown,,1320.0,updip of depth limit -> floor (D27),updip of the depth limit (shallow side rolls over): no reach past the last wells,19404.819637233602
