area_sqmi,sopa_share,lon,lat,still_hole_in_extent
34.28847580027535,0.45172270809627185,-103.86094323865657,32.64493586988813,True
25.001916016364156,0.0,-103.8402050188166,32.14187322342822,True
16.396848186130693,0.6703886250502967,-103.58625450850391,32.62760732983158,True
14.4999220398982,0.9992861428224169,-103.54385133436502,32.51962505438692,True
11.144493160432498,0.783934385631095,-104.04166144635805,32.60256715123543,True
9.21452879509725,0.0,-103.41733512522757,32.09660699892945,True
8.650397347890374,0.0,-103.95885815301469,31.955166486057614,True
7.989294520573706,0.5547115870835844,-103.99710645433709,32.71076239164842,True
7.65009767816823,0.7561653958320229,-103.75410171567093,32.6262804665593,True
7.612697461113775,0.517818212822036,-104.06932667463332,32.644277325671055,True
7.015447762579919,0.0,-103.57683839830536,32.277281858895144,True
6.9866822913514,0.9999999999999993,-103.88640121867545,32.5740872637476,True
5.981785751376034,1.0000000000000002,-104.03002653269382,32.54610511354671,True
5.358813654634803,0.0,-103.7687998937373,32.747307807081604,True
4.5250902019259005,0.0,-103.96777826624724,31.890168495471112,True
4.463297749575177,0.9999999999999998,-103.8514779512971,32.33352397851919,True
4.30529828489403,0.0,-103.50002898242728,32.06431518518351,True
4.272089375875536,1.0000000000000002,-103.99280403892091,32.65821046387089,True
4.257652313865819,0.0,-103.83563471192645,32.05330420530461,True
3.853130531591318,0.0,-103.3686010704549,32.07558854532983,True
3.4264952598003333,0.0,-103.52477147612773,32.37563903151102,True
2.848417030387503,0.9999999999999992,-103.6904146506697,32.565572800111376,True
2.800941281803289,0.0,-103.54635285608025,32.068727207425404,True
2.335422866323204,0.9994361275396476,-103.92857391372846,32.61550533585922,True
1.9542103843807377,0.0,-103.59075903065772,32.2294660598507,True
1.9433684396262307,0.0,-103.48244216614528,32.53676181971565,True
