dist_mi,side,api10,well_name,operator,county,first_production_date,oil12_kft,cohort,formation_blueox,perf_ratio,role,class
1.7142343531572513,W,3001543291,CAVERNS FEDERAL COM #004H,ConocoPhillips,Eddy,2017-07-01,990.2189907383364,True,WCA_1,0.04452776195391754,island,rolled
1.2252785733593807,NW,3001545750,MISO STATE #168H,SM Energy,Eddy,2019-07-21,20774.32077125329,False,WCA_1,0.9341711466944888,island,ok
4.6963837692374995,N,3001546198,BIG EDDY 30E JEDI FEDERAL COM #102H,Exxon Mobil,Eddy,2020-07-26,6055.916498029609,True,WCA_2,0.2723199724093361,island,rolled
1.4285182090085322,NW,3001546535,MISO STATE #163H,SM Energy,Eddy,2022-02-03,23706.261101243337,False,WCA_2,1.066013438448097,island,ok
1.7326749752560886,NW,3001549405,CHICKEN NOODLE FEDERAL COM #401H,SM Energy,Eddy,2023-05-01,9746.668498420113,True,WCA_2,0.4382841965268678,island,rolled
1.6973292880541129,NW,3001549451,CHICKEN NOODLE FEDERAL COM #402H,SM Energy,Eddy,2023-10-01,11200.855271949751,True,WCA_2,0.5036754716830657,island,rolled
1.980394140248338,N,3002542859,BRIDGE STATE UNIT #701H,Permian Resources,Lea,2016-09-01,15869.496855345911,False,WCA_1,0.7136130339980646,island,ok
4.419084845461982,N,3002550723,BIG EDDY UNIT BB HUX #201H,Exxon Mobil,Lea,2025-09-01,,False,WCA_2,,island,no12
3.4272967818156976,N,3002551035,CUTBOW 36 1 FEDERAL COM #604H,Devon,Lea,2023-10-01,8456.351227462565,True,WCA_1,0.3802617380367654,island,rolled
3.2155004115958223,N,3002551036,CUTBOW 36 1 FEDERAL COM #606H,Devon,Lea,2023-10-01,17167.81120030951,True,WCA_1,0.7719951016362442,island,ok
1.3053149659740468,SW,4210932881,COTTONWOOD WEST ASHER 2307 H,Admiral Permian Resources,Culberson,2016-12-10,,False,WCXY,,island,no12
3.638843620106561,SW,4210932984,PLUMMER STATE LAURA LOU 11-14 4HA,Moontower Resources,Culberson,2017-02-01,1689.047619047619,False,WCA_2,0.07595240145182951,island,rolled
4.075826426021764,SW,4210933015,PLUMMER STATE NEVILL 16-21 5HA,Moontower Resources,Culberson,2017-03-15,634.9938499384994,True,WCA_2,0.02855414333265874,island,rolled
2.999767802167841,W,4210933988,BLUTO STATE UNIT 2312 2H,Permian Resources,Culberson,2024-02-06,3665.799739921976,True,WCA_2,0.16484218108993204,island,rolled
3.2704447218077677,W,4210933996,BLUTO STATE UNIT 2312 3H,Permian Resources,Culberson,2024-02-06,3640.070592606353,True,WCA_2,0.1636852033328269,island,rolled
3.3770490539554814,W,4210933997,BLUTO STATE UNIT 2312 4H,Permian Resources,Culberson,2024-02-07,5311.989484555441,True,WCA_2,0.238867367200899,island,rolled
11.39601018109443,S,4237139539,TX AMERICAN SYNDICATE ST B 212 2H,Big Star,Pecos,2017-08-30,2185.167690127539,False,WCA_1,0.09826172558338908,"excluded: isolated test (tested, not developed)",rolled
3.9759170429453676,S,4237139813,STATE-HAYTER 30 3HA,Siltstone Resources II,Pecos,2018-12-12,14501.675689610724,False,WCA_2,0.6521054121153808,island,rolled
3.707772624436502,S,4237139856,STATE-HAYTER 35/42S 4HA,Siltstone Resources II,Pecos,2019-02-16,6839.185393258427,True,WCA_2,0.30754168724097275,island,rolled
5.299162959960416,S,4237139891,STATE-HAYTER UNIT 33/44S 2HA,Siltstone Resources II,Pecos,2019-04-16,7062.634678925442,True,WCA_2,0.31758966318772264,island,rolled
1.6803697087094052,SE,4237139936,FORTSON 19 1H,Mongoose Energy,Pecos,2019-05-23,14768.028970512158,True,WCA_1,0.6640826773451465,island,rolled
2.3371513862922826,SE,4237140511,VIPER WA1 1H,Mongoose Energy,Pecos,2025-12-04,,False,WCA_1,,island,no12
2.5988669127081137,SE,4237140512,VIPER WA2 2H,Mongoose Energy,Pecos,2025-12-04,,False,WCA_1,,island,no12
3.647744533265508,S,4238937446,ASH UNIT 40 401AH,Apache,Reeves,2018-12-15,3065.029305051633,True,WCA_2,0.13782698226718287,island,rolled
3.3633206968798146,S,4238937517,JOBE 70-1 STATE 1H,Devon,Reeves,2018-12-28,15052.585258525853,False,WCA_1,0.6768784879422717,island,rolled
