area_no,area_sqmi,n12,oil12_p50,oil12_p10_high,oil12_p90_low,oil12_mean,n24,oil24_p50,n_eur,bo_ft_p50,n_eur_cum_fallback,n_WCA_1,n_WCA_2,n_WCXY,n_other_tag,oil12_p50_exWCXY,n12_exWCXY,fp_year_p50,lateral_p50,top_operator,top_operator_share,flag,d1_puds_WCA_1+2,d1_puds_WCXY,k
1,904.9346449360436,747,19.905713182783245,27.433610014026367,12.824082728696746,20.16255961937891,604,27.950305194733964,878,62.46367048192771,0,377,270,95,5,19.851601661319446,652,2022.0,9923.0,Devon,0.2717536813922356,,501,674,6
2,433.8787272959714,993,32.66953053083768,44.83351503327779,22.7481027813863,33.447721712071086,950,44.45047100002212,1052,89.25264983724051,0,466,342,179,6,32.099919135563226,814,2021.0,9561.0,EOG,0.4199395770392749,,187,200,6
3,1384.9350827924025,2270,25.03398503967749,34.1549566132533,17.235208082917037,25.555437668766164,2008,35.25560035262333,2524,75.67565257581013,0,1061,676,520,13,24.655930556054024,1750,2021.0,9840.5,Occidental,0.25726872246696036,,622,856,6
4,757.834148544425,489,12.930960715674834,19.47480420421527,6.114593663252312,12.860723156368364,444,18.863283638691932,525,46.56965123393841,0,194,258,31,6,12.955170206371065,458,2020.0,9689.0,Permian Resources,0.17177914110429449,,71,568,6
5,2199.168496760829,2666,19.139003457793326,28.290597894435287,12.232605445597848,19.878206485584403,2478,28.191225733985345,2802,70.74233905240558,0,1348,1031,241,46,19.028985507246375,2425,2020.0,9743.0,Devon,0.1275318829707427,,520,913,6
6,487.90041847059103,362,13.670274241947705,21.229550751343393,8.194768589714972,14.38271719030352,332,19.92316506055482,375,52.40605116218673,0,155,203,0,4,13.670274241947705,362,2020.0,9657.5,Crescent Energy,0.2900552486187845,,33,0,6
1,58.2747274421511,18,13.105136664901874,18.948737689562495,8.163564661172906,13.06195566018939,13,18.416040609137056,18,42.94279276390789,0,6,12,0,0,13.105136664901874,18,2023.0,9848.5,Devon,0.7777777777777778,one operator >= 70%,38,0,10
2,95.83200532378879,33,14.761186863837143,20.309996257322954,9.472596757276182,14.783124779328517,30,21.938241803392636,41,55.71666898373419,0,28,0,5,0,14.64568025230001,28,2022.0,9806.0,Matador,0.6666666666666666,,29,82,10
3,904.9346449360436,747,19.905713182783245,27.433610014026367,12.824082728696746,20.16255961937891,604,27.950305194733964,878,62.46367048192771,0,377,270,95,5,19.851601661319446,652,2022.0,9923.0,Devon,0.2717536813922356,,501,674,10
4,433.8787272959714,993,32.66953053083768,44.83351503327779,22.7481027813863,33.447721712071086,950,44.45047100002212,1052,89.25264983724051,0,466,342,179,6,32.099919135563226,814,2021.0,9561.0,EOG,0.4199395770392749,,187,200,10
5,1230.8283500264624,2219,25.18371546149324,34.29793023324711,17.775728048037223,25.816982960116242,1965,35.432530795072786,2465,76.15554887820512,0,1027,664,515,13,24.8994477200425,1704,2021.0,9841.0,Occidental,0.2627309598918432,,555,774,10
6,175.8031569682284,236,16.047144837182344,22.213468006979905,8.805328423561324,15.791557704745715,217,25.721905048076923,267,68.5891567490591,0,104,83,49,0,16.043820003930044,187,2019.0,9720.5,ConocoPhillips,0.3093220338983051,,8,157,10
7,757.834148544425,489,12.930960715674834,19.47480420421527,6.114593663252312,12.860723156368364,444,18.863283638691932,525,46.56965123393841,0,194,258,31,6,12.955170206371065,458,2020.0,9689.0,Permian Resources,0.17177914110429449,,71,568,10
8,1825.1012752599286,2308,19.686241433242493,28.84688097897813,13.05301240869309,20.62058967130468,2143,29.082089552238806,2413,71.57049394831535,0,1172,901,192,43,19.606734176533074,2116,2020.0,9723.5,Devon,0.1386481802426343,,476,756,10
9,198.2640645326825,122,13.369333347280858,19.13111958750744,7.983278368347126,13.739097630138014,118,20.11070470244464,122,60.717080346109384,0,72,47,0,3,13.369333347280858,122,2019.0,10098.0,Continental Resources,0.3770491803278688,,36,0,10
10,487.90041847059103,362,13.670274241947705,21.229550751343393,8.194768589714972,14.38271719030352,332,19.92316506055482,375,52.40605116218673,0,155,203,0,4,13.670274241947705,362,2020.0,9657.5,Crescent Energy,0.2900552486187845,,33,0,10
1,58.2747274421511,18,13.105136664901874,18.948737689562495,8.163564661172906,13.06195566018939,13,18.416040609137056,18,42.94279276390789,0,6,12,0,0,13.105136664901874,18,2023.0,9848.5,Devon,0.7777777777777778,one operator >= 70%,38,0,14
2,95.83200532378879,33,14.761186863837143,20.309996257322954,9.472596757276182,14.783124779328517,30,21.938241803392636,41,55.71666898373419,0,28,0,5,0,14.64568025230001,28,2022.0,9806.0,Matador,0.6666666666666666,,29,82,14
3,904.9346449360436,747,19.905713182783245,27.433610014026367,12.824082728696746,20.16255961937891,604,27.950305194733964,878,62.46367048192771,0,377,270,95,5,19.851601661319446,652,2022.0,9923.0,Devon,0.2717536813922356,,501,674,14
4,433.8787272959714,993,32.66953053083768,44.83351503327779,22.7481027813863,33.447721712071086,950,44.45047100002212,1052,89.25264983724051,0,466,342,179,6,32.099919135563226,814,2021.0,9561.0,EOG,0.4199395770392749,,187,200,14
5,1131.23542859126,1959,25.982354081830522,35.266805781265674,18.376092899952457,26.502962275615605,1734,36.2225775072251,2187,77.16727796698979,0,917,552,477,13,25.64467023972161,1482,2021.0,9826.0,Occidental,0.2771822358346095,,550,729,14
6,99.59292143520327,260,20.418526985227917,26.66275205044599,14.748832406152914,20.648392656026825,231,29.608165374677004,278,71.977688941628,0,110,112,38,0,20.908475248216156,222,2021.0,10025.0,Devon,0.49615384615384617,,5,45,14
7,175.8031569682284,236,16.047144837182344,22.213468006979905,8.805328423561324,15.791557704745715,217,25.721905048076923,267,68.5891567490591,0,104,83,49,0,16.043820003930044,187,2019.0,9720.5,ConocoPhillips,0.3093220338983051,,8,157,14
8,456.39538779436623,612,21.808988257506638,30.028113867317185,15.00147409878292,22.277653418187572,556,32.010056519336516,648,76.51600549194947,0,292,198,119,3,21.617908185361628,493,2020.0,9578.5,Devon,0.24673202614379086,,26,366,14
9,741.3796658725219,471,12.991919478310178,19.48774807614419,6.284566676117569,12.98588406414597,426,18.97247059051991,507,47.189029072956664,0,182,252,31,6,13.084371620101228,440,2020.0,9710.0,Permian Resources,0.16560509554140126,,71,568,14
10,1092.503473792104,1278,18.29422516050736,26.892851513378258,11.934128055985472,19.03741752780114,1189,26.876556291390727,1329,68.2235455311973,0,606,560,73,39,18.173510192138885,1205,2020.0,9821.0,Devon,0.1322378716744914,,442,390,14
11,16.454482671903147,18,8.681858701552862,18.365979219556333,4.942958285969601,9.585679402854343,18,12.73982554975149,18,27.37898000890872,0,12,6,0,0,8.681858701552862,18,2019.0,8427.0,Crescent Energy,0.5,pad-scale (< 25 sq mi),0,0,14
12,276.20241367345506,418,22.09284283571572,32.311654389400985,15.943933942930869,23.034874327537185,398,32.083016769562775,436,71.97977563299538,0,274,143,0,1,22.09284283571572,418,2019.0,9425.5,Chevron,0.4138755980861244,,8,0,14
13,198.2640645326825,122,13.369333347280858,19.13111958750744,7.983278368347126,13.739097630138014,118,20.11070470244464,122,60.717080346109384,0,72,47,0,3,13.369333347280858,122,2019.0,10098.0,Continental Resources,0.3770491803278688,,36,0,14
14,487.90041847059103,362,13.670274241947705,21.229550751343393,8.194768589714972,14.38271719030352,332,19.92316506055482,375,52.40605116218673,0,155,203,0,4,13.670274241947705,362,2020.0,9657.5,Crescent Energy,0.2900552486187845,,33,0,14
1,58.2747274421511,18,13.105136664901874,18.948737689562495,8.163564661172906,13.06195566018939,13,18.416040609137056,18,42.94279276390789,0,6,12,0,0,13.105136664901874,18,2023.0,9848.5,Devon,0.7777777777777778,one operator >= 70%,38,0,20
2,39.402541311419625,21,14.045678909060486,20.65333888657504,3.8266883645240033,13.398974408638864,16,19.088252836708755,29,46.147512292691054,0,7,13,0,1,14.045678909060486,21,2023.0,10230.0,Matador,0.8095238095238095,one operator >= 70%,2,0,20
3,95.83200532378879,33,14.761186863837143,20.309996257322954,9.472596757276182,14.783124779328517,30,21.938241803392636,41,55.71666898373419,0,28,0,5,0,14.64568025230001,28,2022.0,9806.0,Matador,0.6666666666666666,,29,82,20
4,23.81078849215992,15,10.899273104880582,17.625784759841096,5.527881570369622,11.165566970489063,12,15.191658654154327,16,38.241196335692436,0,10,5,0,0,10.899273104880582,15,2022.0,9320.0,Permian Resources,0.6,pad-scale (< 25 sq mi),20,0,20
5,107.38715006926267,205,37.66221142162819,46.472690032463284,30.430610310732654,37.751056600437856,184,50.05563547345044,222,98.13796976401144,0,105,86,11,3,37.58397373356547,194,2023.0,9881.0,Devon,0.44878048780487806,,87,31,20
6,841.7213151324627,711,20.12554701935233,27.48338399189463,13.551646251411693,20.552137930432202,576,28.36040246976726,833,62.94812426729191,0,360,252,95,4,20.10802758274309,616,2022.0,9933.0,Devon,0.279887482419128,,479,674,20
7,269.3339005769402,636,29.599835380617726,39.66247472108357,21.42795938081095,30.414226674811232,614,40.638779208604134,676,84.67132329717697,0,296,218,119,3,29.254921455557763,517,2021.0,9504.0,EOG,0.45125786163522014,,96,141,20
8,1131.23542859126,1959,25.982354081830522,35.266805781265674,18.376092899952457,26.502962275615605,1734,36.2225775072251,2187,77.16727796698979,0,917,552,477,13,25.64467023972161,1482,2021.0,9826.0,Occidental,0.2771822358346095,,550,729,20
9,57.157676649768696,152,39.03610420639569,54.069435172860786,27.590619600045002,40.336663761953204,152,52.97309358604823,154,103.03882927803399,0,65,38,49,0,40.1982924226254,103,2020.0,7407.0,EOG,0.5592105263157895,,4,28,20
10,99.59292143520327,260,20.418526985227917,26.66275205044599,14.748832406152914,20.648392656026825,231,29.608165374677004,278,71.977688941628,0,110,112,38,0,20.908475248216156,222,2021.0,10025.0,Devon,0.49615384615384617,,5,45,20
11,357.58440328639205,161,11.196123461326474,16.462764020393298,4.495003770739065,10.941655638768841,148,16.46138648824906,182,35.69521581334074,0,35,111,13,2,11.121958272693037,148,2020.0,9954.0,Chevron,0.33540372670807456,,55,398,20
12,175.8031569682284,236,16.047144837182344,22.213468006979905,8.805328423561324,15.791557704745715,217,25.721905048076923,267,68.5891567490591,0,104,83,49,0,16.043820003930044,187,2019.0,9720.5,ConocoPhillips,0.3093220338983051,,8,157,20
13,456.39538779436623,612,21.808988257506638,30.028113867317185,15.00147409878292,22.277653418187572,556,32.010056519336516,648,76.51600549194947,0,292,198,119,3,21.617908185361628,493,2020.0,9578.5,Devon,0.24673202614379086,,26,366,20
14,1092.503473792104,1278,18.29422516050736,26.892851513378258,11.934128055985472,19.03741752780114,1189,26.876556291390727,1329,68.2235455311973,0,606,560,73,39,18.173510192138885,1205,2020.0,9821.0,Devon,0.1322378716744914,,442,390,20
15,383.79526258612907,310,13.708981784782068,20.448623352190587,8.581147790046469,14.047563988293446,278,20.004811708111497,325,52.59563375692408,0,147,141,18,4,13.858369121146708,292,2020.0,9548.5,Permian Resources,0.19032258064516128,,16,170,20
16,16.454482671903147,18,8.681858701552862,18.365979219556333,4.942958285969601,9.585679402854343,18,12.73982554975149,18,27.37898000890872,0,12,6,0,0,8.681858701552862,18,2019.0,8427.0,Crescent Energy,0.5,pad-scale (< 25 sq mi),0,0,20
17,276.20241367345506,418,22.09284283571572,32.311654389400985,15.943933942930869,23.034874327537185,398,32.083016769562775,436,71.97977563299538,0,274,143,0,1,22.09284283571572,418,2019.0,9425.5,Chevron,0.4138755980861244,,8,0,20
18,198.2640645326825,122,13.369333347280858,19.13111958750744,7.983278368347126,13.739097630138014,118,20.11070470244464,122,60.717080346109384,0,72,47,0,3,13.369333347280858,122,2019.0,10098.0,Continental Resources,0.3770491803278688,,36,0,20
19,32.84719854620713,43,11.595032180209172,14.864687750666155,5.724641460803465,11.02572996984723,40,15.965317194229897,43,38.993161094224924,0,23,19,0,1,11.595032180209172,43,2021.0,9278.0,Crescent Energy,0.4883720930232558,,0,0,20
20,455.05321992438394,319,14.135902636916835,21.71399970809526,8.867771344352038,14.835226439455933,292,20.452644564412765,332,54.281938447725,0,132,184,0,3,14.135902636916835,319,2020.0,9700.0,Crescent Energy,0.26332288401253917,,33,0,20
1,58.2747274421511,18,13.105136664901874,18.948737689562495,8.163564661172906,13.06195566018939,13,18.416040609137056,18,42.94279276390789,0,6,12,0,0,13.105136664901874,18,2023.0,9848.5,Devon,0.7777777777777778,one operator >= 70%,38,0,35
2,39.402541311419625,21,14.045678909060486,20.65333888657504,3.8266883645240033,13.398974408638864,16,19.088252836708755,29,46.147512292691054,0,7,13,0,1,14.045678909060486,21,2023.0,10230.0,Matador,0.8095238095238095,one operator >= 70%,2,0,35
3,95.83200532378879,33,14.761186863837143,20.309996257322954,9.472596757276182,14.783124779328517,30,21.938241803392636,41,55.71666898373419,0,28,0,5,0,14.64568025230001,28,2022.0,9806.0,Matador,0.6666666666666666,,29,82,35
4,23.81078849215992,15,10.899273104880582,17.625784759841096,5.527881570369622,11.165566970489063,12,15.191658654154327,16,38.241196335692436,0,10,5,0,0,10.899273104880582,15,2022.0,9320.0,Permian Resources,0.6,pad-scale (< 25 sq mi),20,0,35
5,107.38715006926267,205,37.66221142162819,46.472690032463284,30.430610310732654,37.751056600437856,184,50.05563547345044,222,98.13796976401144,0,105,86,11,3,37.58397373356547,194,2023.0,9881.0,Devon,0.44878048780487806,,87,31,35
6,841.7213151324627,711,20.12554701935233,27.48338399189463,13.551646251411693,20.552137930432202,576,28.36040246976726,833,62.94812426729191,0,360,252,95,4,20.10802758274309,616,2022.0,9933.0,Devon,0.279887482419128,,479,674,35
7,57.15767664976883,113,31.232234138518592,39.08191104629668,24.638228630081407,31.541954098658145,110,40.732753100457046,113,73.71746093370862,0,49,22,42,0,31.00050505050505,71,2021.0,9824.0,Mewbourne,0.3274336283185841,,14,18,35
8,104.46658254209177,79,18.968351484687705,27.680950363015704,11.245740183143793,19.49440627636857,73,27.434242139350257,84,58.92321274258868,0,29,44,0,6,18.968351484687705,79,2022.0,9941.0,Matador,0.34177215189873417,,149,44,35
9,269.3339005769402,636,29.599835380617726,39.66247472108357,21.42795938081095,30.414226674811232,614,40.638779208604134,676,84.67132329717697,0,296,218,119,3,29.254921455557763,517,2021.0,9504.0,EOG,0.45125786163522014,,97,141,35
10,1059.3553200771585,1810,25.80328179346244,34.51483413395967,18.452924371467148,26.341233962928587,1592,36.08756813545547,2038,77.53380116555263,0,859,529,409,13,25.34795472086442,1401,2022.0,9828.0,Occidental,0.2839779005524862,,536,711,35
11,91.69458908636277,34,12.320970413578912,14.819918051430866,1.5805940921776958,10.587199403521009,31,19.117760226812475,41,54.30430317346205,0,9,22,3,0,12.092416843269142,31,2021.0,10874.5,Chevron,0.7058823529411765,one operator >= 70%,28,200,35
12,57.157676649768696,152,39.03610420639569,54.069435172860786,27.590619600045002,40.336663761953204,152,52.97309358604823,154,103.03882927803399,0,65,38,49,0,40.1982924226254,103,2020.0,7407.0,EOG,0.5592105263157895,,4,28,35
13,103.28179368319006,105,22.064407691273363,28.821529005409317,17.045466365566806,22.865689462991845,101,32.61084086170952,108,77.87068390408126,0,35,51,17,2,22.613489250206214,88,2021.0,9792.0,ConocoPhillips,0.44761904761904764,,45,73,35
14,99.59292143520327,260,20.418526985227917,26.66275205044599,14.748832406152914,20.648392656026825,231,29.608165374677004,278,71.977688941628,0,110,112,38,0,20.908475248216156,222,2021.0,10025.0,Devon,0.49615384615384617,,5,45,35
15,14.722431864334391,36,19.064838487647908,24.558050421898017,10.800508698078279,18.817466996718128,32,26.848869030480966,36,63.755317084420845,0,9,1,26,0,19.127960417303143,10,2020.0,9798.5,ConocoPhillips,0.8333333333333334,pad-scale (< 25 sq mi); one operator >= 70%,0,0,35
16,119.51150572224391,167,17.078789724845162,23.417783223540226,9.301637818495369,16.715566311217845,148,26.924388048524378,198,72.73661551823972,0,75,55,37,0,17.254134892507118,130,2020.0,9929.0,ConocoPhillips,0.3652694610778443,,8,104,35
17,134.67256751374595,63,14.07254740313273,17.99890936286107,8.854849320190715,13.683037149744862,59,19.357411358325713,71,42.37153096857195,0,17,41,4,1,13.765853114900256,59,2020.0,10141.0,Chevron,0.3968253968253968,,11,123,35
18,52.82028068006774,17,7.063442684766215,10.82569883253611,3.655508080995727,7.065059205968923,14,8.286246229260936,22,28.582673453996982,0,2,8,6,1,5.311989484555441,11,2023.0,10608.0,Permian Resources,0.6470588235294118,,9,70,35
19,50.22947341949381,63,13.569917624326248,19.75808060078988,9.992845461230212,14.160162589653545,59,20.490541090317333,68,64.8005355615813,0,20,36,5,2,13.56629794023592,58,2019.0,9878.0,Devon,0.3333333333333333,,22,25,35
20,56.291651245984426,69,13.681397006414825,18.90256971799481,7.776414955960901,13.555189048501562,69,21.1153037916857,69,58.582794307891334,0,29,28,12,0,13.681397006414825,57,2018.0,9530.0,Occidental,0.2608695652173913,,0,53,35
21,19.918584287040648,28,17.297357578278863,25.286915619745137,6.485936896646125,16.65304444197901,28,25.540363060050442,29,58.7441694090714,0,12,14,2,0,16.957078814619848,26,2019.0,7973.0,Petro-Hunt,0.35714285714285715,pad-scale (< 25 sq mi),0,1,35
22,436.47680350732526,584,21.936023129735858,30.233026556956037,15.499415073786736,22.547326451293465,528,32.3473828261767,619,76.92278509261325,0,280,184,117,3,21.824995152220282,467,2020.0,9622.0,Devon,0.2585616438356164,,26,366,35
23,78.3969660062152,47,8.86279419128693,13.168493717992654,4.326559995611551,8.925626195461092,44,12.591229218601168,48,21.717461171892154,0,7,40,0,0,8.86279419128693,47,2019.0,7408.0,Petro-Hunt,0.425531914893617,,7,5,35
24,638.8038828920597,735,18.155338299193048,25.717578531308508,12.713954946503792,18.919792534024786,674,26.882047778975398,760,69.6966062043258,0,380,284,51,20,18.12906970376568,684,2020.0,9820.0,Diamondback,0.17959183673469387,,222,146,35
25,383.79526258612907,310,13.708981784782068,20.448623352190587,8.581147790046469,14.047563988293446,278,20.004811708111497,325,52.59563375692408,0,147,141,18,4,13.858369121146708,292,2020.0,9548.5,Permian Resources,0.19032258064516128,,16,170,35
26,85.73651497465305,137,18.30101989296173,27.39333778647837,11.525303452154391,19.10643500735611,132,26.176824388396934,147,64.10696112354977,0,78,56,0,3,18.30101989296173,137,2020.0,9715.0,Permian Resources,0.39416058394160586,,0,26,35
27,51.09549882327818,69,24.51939240506329,35.494003940361075,16.244089800667897,25.2259736159303,66,36.92565343936312,71,87.98425975894945,0,22,44,0,3,24.51939240506329,69,2019.0,9589.0,Occidental,0.2753623188405797,,0,63,35
28,12.990381056765642,23,11.846375086779728,17.361855644028225,9.089369191620161,12.422174644703547,20,15.573156550873378,23,57.98302743240576,0,7,13,0,3,11.846375086779728,23,2022.0,10194.0,Diamondback,0.6956521739130435,pad-scale (< 25 sq mi),3,0,35
29,16.454482671903147,18,8.681858701552862,18.365979219556333,4.942958285969601,9.585679402854343,18,12.73982554975149,18,27.37898000890872,0,12,6,0,0,8.681858701552862,18,2019.0,8427.0,Crescent Energy,0.5,pad-scale (< 25 sq mi),0,0,35
30,45.89934640057195,67,13.930917916269394,19.605685568518044,8.542583558442363,14.131978553597712,64,20.216550854874274,68,51.16834052020549,0,35,32,0,0,13.930917916269394,67,2019.0,9724.0,Permian Resources,0.2537313432835821,,0,12,35
31,276.20241367345506,418,22.09284283571572,32.311654389400985,15.943933942930869,23.034874327537185,398,32.083016769562775,436,71.97977563299538,0,274,143,0,1,22.09284283571572,418,2019.0,9425.5,Chevron,0.4138755980861244,,8,0,35
32,198.2640645326825,122,13.369333347280858,19.13111958750744,7.983278368347126,13.739097630138014,118,20.11070470244464,122,60.717080346109384,0,72,47,0,3,13.369333347280858,122,2019.0,10098.0,Continental Resources,0.3770491803278688,,36,0,35
33,32.84719854620713,43,11.595032180209172,14.864687750666155,5.724641460803465,11.02572996984723,40,15.965317194229897,43,38.993161094224924,0,23,19,0,1,11.595032180209172,43,2021.0,9278.0,Crescent Energy,0.4883720930232558,,0,0,35
34,247.02778879614496,189,12.837511146339047,17.81097416491593,8.767586241113777,13.215334912082254,177,19.09398170438132,198,53.60816770173304,0,90,97,0,2,12.837511146339047,189,2019.0,9943.0,Crescent Energy,0.2857142857142857,,0,0,35
35,208.02543112823903,130,16.568217449864065,25.631054480943472,10.029272158380525,17.190299506176135,115,23.2470506592644,134,57.74944279804218,0,42,87,0,1,16.568217449864065,130,2021.0,9375.0,Apache,0.3,,33,0,35
1,58.2747274421511,18,13.105136664901874,18.948737689562495,8.163564661172906,13.06195566018939,13,18.416040609137056,18,42.94279276390789,0,6,12,0,0,13.105136664901874,18,2023.0,9848.5,Devon,0.7777777777777778,one operator >= 70%,38,0,38
2,39.402541311419625,21,14.045678909060486,20.65333888657504,3.8266883645240033,13.398974408638864,16,19.088252836708755,29,46.147512292691054,0,7,13,0,1,14.045678909060486,21,2023.0,10230.0,Matador,0.8095238095238095,one operator >= 70%,2,0,38
3,95.83200532378879,33,14.761186863837143,20.309996257322954,9.472596757276182,14.783124779328517,30,21.938241803392636,41,55.71666898373419,0,28,0,5,0,14.64568025230001,28,2022.0,9806.0,Matador,0.6666666666666666,,29,82,38
4,23.81078849215992,15,10.899273104880582,17.625784759841096,5.527881570369622,11.165566970489063,12,15.191658654154327,16,38.241196335692436,0,10,5,0,0,10.899273104880582,15,2022.0,9320.0,Permian Resources,0.6,pad-scale (< 25 sq mi),20,0,38
5,107.38715006926267,205,37.66221142162819,46.472690032463284,30.430610310732654,37.751056600437856,184,50.05563547345044,222,98.13796976401144,0,105,86,11,3,37.58397373356547,194,2023.0,9881.0,Devon,0.44878048780487806,,87,31,38
6,75.47399216956612,57,19.62683662547436,29.511645900298408,12.918544976496928,20.858587612430703,54,27.566546505941268,61,62.91707632600259,0,21,30,0,6,19.62683662547436,57,2022.0,9863.0,Devon,0.3508771929824561,,119,38,38
7,841.7213151324627,711,20.12554701935233,27.48338399189463,13.551646251411693,20.552137930432202,576,28.36040246976726,833,62.94812426729191,0,360,252,95,4,20.10802758274309,616,2022.0,9933.0,Devon,0.279887482419128,,479,674,38
8,57.15767664976883,113,31.232234138518592,39.08191104629668,24.638228630081407,31.541954098658145,110,40.732753100457046,113,73.71746093370862,0,49,22,42,0,31.00050505050505,71,2021.0,9824.0,Mewbourne,0.3274336283185841,,14,18,38
9,269.3339005769402,636,29.599835380617726,39.66247472108357,21.42795938081095,30.414226674811232,614,40.638779208604134,676,84.67132329717697,0,296,218,119,3,29.254921455557763,517,2021.0,9504.0,EOG,0.45125786163522014,,97,141,38
10,1059.3553200771585,1810,25.80328179346244,34.51483413395967,18.452924371467148,26.341233962928587,1592,36.08756813545547,2038,77.53380116555263,0,859,529,409,13,25.34795472086442,1401,2022.0,9828.0,Occidental,0.2839779005524862,,536,711,38
11,91.69458908636277,34,12.320970413578912,14.819918051430866,1.5805940921776958,10.587199403521009,31,19.117760226812475,41,54.30430317346205,0,9,22,3,0,12.092416843269142,31,2021.0,10874.5,Chevron,0.7058823529411765,one operator >= 70%,28,200,38
12,57.157676649768696,152,39.03610420639569,54.069435172860786,27.590619600045002,40.336663761953204,152,52.97309358604823,154,103.03882927803399,0,65,38,49,0,40.1982924226254,103,2020.0,7407.0,EOG,0.5592105263157895,,4,28,38
13,28.99259037252577,22,16.57677715441988,26.68006999308077,5.689090441455717,15.959936451116668,19,26.46615888931739,23,48.655032780563054,0,8,14,0,0,16.57677715441988,22,2022.0,10212.5,Matador,0.9090909090909091,one operator >= 70%,30,6,38
14,103.28179368319006,105,22.064407691273363,28.821529005409317,17.045466365566806,22.865689462991845,101,32.61084086170952,108,77.87068390408126,0,35,51,17,2,22.613489250206214,88,2021.0,9792.0,ConocoPhillips,0.44761904761904764,,45,73,38
15,99.59292143520327,260,20.418526985227917,26.66275205044599,14.748832406152914,20.648392656026825,231,29.608165374677004,278,71.977688941628,0,110,112,38,0,20.908475248216156,222,2021.0,10025.0,Devon,0.49615384615384617,,5,45,38
16,14.722431864334391,36,19.064838487647908,24.558050421898017,10.800508698078279,18.817466996718128,32,26.848869030480966,36,63.755317084420845,0,9,1,26,0,19.127960417303143,10,2020.0,9798.5,ConocoPhillips,0.8333333333333334,pad-scale (< 25 sq mi); one operator >= 70%,0,0,38
17,119.51150572224391,167,17.078789724845162,23.417783223540226,9.301637818495369,16.715566311217845,148,26.924388048524378,198,72.73661551823972,0,75,55,37,0,17.254134892507118,130,2020.0,9929.0,ConocoPhillips,0.3652694610778443,,8,104,38
18,134.67256751374595,63,14.07254740313273,17.99890936286107,8.854849320190715,13.683037149744862,59,19.357411358325713,71,42.37153096857195,0,17,41,4,1,13.765853114900256,59,2020.0,10141.0,Chevron,0.3968253968253968,,11,123,38
19,52.82028068006774,17,7.063442684766215,10.82569883253611,3.655508080995727,7.065059205968923,14,8.286246229260936,22,28.582673453996982,0,2,8,6,1,5.311989484555441,11,2023.0,10608.0,Permian Resources,0.6470588235294118,,9,70,38
20,50.22947341949381,63,13.569917624326248,19.75808060078988,9.992845461230212,14.160162589653545,59,20.490541090317333,68,64.8005355615813,0,20,36,5,2,13.56629794023592,58,2019.0,9878.0,Devon,0.3333333333333333,,22,25,38
21,56.291651245984426,69,13.681397006414825,18.90256971799481,7.776414955960901,13.555189048501562,69,21.1153037916857,69,58.582794307891334,0,29,28,12,0,13.681397006414825,57,2018.0,9530.0,Occidental,0.2608695652173913,,0,53,38
22,19.918584287040648,28,17.297357578278863,25.286915619745137,6.485936896646125,16.65304444197901,28,25.540363060050442,29,58.7441694090714,0,12,14,2,0,16.957078814619848,26,2019.0,7973.0,Petro-Hunt,0.35714285714285715,pad-scale (< 25 sq mi),0,1,38
23,436.47680350732526,584,21.936023129735858,30.233026556956037,15.499415073786736,22.547326451293465,528,32.3473828261767,619,76.92278509261325,0,280,184,117,3,21.824995152220282,467,2020.0,9622.0,Devon,0.2585616438356164,,26,366,38
24,78.3969660062152,47,8.86279419128693,13.168493717992654,4.326559995611551,8.925626195461092,44,12.591229218601168,48,21.717461171892154,0,7,40,0,0,8.86279419128693,47,2019.0,7408.0,Petro-Hunt,0.425531914893617,,7,5,38
25,638.8038828920597,735,18.155338299193048,25.717578531308508,12.713954946503792,18.919792534024786,674,26.882047778975398,760,69.6966062043258,0,380,284,51,20,18.12906970376568,684,2020.0,9820.0,Diamondback,0.17959183673469387,,222,146,38
26,383.79526258612907,310,13.708981784782068,20.448623352190587,8.581147790046469,14.047563988293446,278,20.004811708111497,325,52.59563375692408,0,147,141,18,4,13.858369121146708,292,2020.0,9548.5,Permian Resources,0.19032258064516128,,16,170,38
27,85.73651497465305,137,18.30101989296173,27.39333778647837,11.525303452154391,19.10643500735611,132,26.176824388396934,147,64.10696112354977,0,78,56,0,3,18.30101989296173,137,2020.0,9715.0,Permian Resources,0.39416058394160586,,0,26,38
28,51.09549882327818,69,24.51939240506329,35.494003940361075,16.244089800667897,25.2259736159303,66,36.92565343936312,71,87.98425975894945,0,22,44,0,3,24.51939240506329,69,2019.0,9589.0,Occidental,0.2753623188405797,,0,63,38
29,12.990381056765642,23,11.846375086779728,17.361855644028225,9.089369191620161,12.422174644703547,20,15.573156550873378,23,57.98302743240576,0,7,13,0,3,11.846375086779728,23,2022.0,10194.0,Diamondback,0.6956521739130435,pad-scale (< 25 sq mi),3,0,38
30,16.454482671903147,18,8.681858701552862,18.365979219556333,4.942958285969601,9.585679402854343,18,12.73982554975149,18,27.37898000890872,0,12,6,0,0,8.681858701552862,18,2019.0,8427.0,Crescent Energy,0.5,pad-scale (< 25 sq mi),0,0,38
31,45.89934640057195,67,13.930917916269394,19.605685568518044,8.542583558442363,14.131978553597712,64,20.216550854874274,68,51.16834052020549,0,35,32,0,0,13.930917916269394,67,2019.0,9724.0,Permian Resources,0.2537313432835821,,0,12,38
32,38.10511776651255,20,10.391015307829424,12.772510170435824,6.852377441166206,9.794364427899705,20,14.788964964845594,20,45.14810271544085,0,7,13,0,0,10.391015307829424,20,2021.0,10015.5,Exxon Mobil,0.55,,9,0,38
33,276.20241367345506,418,22.09284283571572,32.311654389400985,15.943933942930869,23.034874327537185,398,32.083016769562775,436,71.97977563299538,0,274,143,0,1,22.09284283571572,418,2019.0,9425.5,Chevron,0.4138755980861244,,8,0,38
34,160.1589467661699,102,14.415628723409242,19.754259431225346,9.309783859268844,14.512574728616114,98,20.567411071772273,102,61.83808128121314,0,65,34,0,3,14.415628723409242,102,2019.0,10113.0,Continental Resources,0.39215686274509803,,27,0,38
35,208.10396889901656,171,13.312158266229247,17.843845846112814,9.444606718130608,13.6424897762661,159,19.71266302061422,180,54.70126465925144,0,87,82,0,2,13.312158266229247,171,2020.0,9952.0,Crescent Energy,0.23391812865497075,,0,0,38
36,32.84719854620713,43,11.595032180209172,14.864687750666155,5.724641460803465,11.02572996984723,40,15.965317194229897,43,38.993161094224924,0,23,19,0,1,11.595032180209172,43,2021.0,9278.0,Crescent Energy,0.4883720930232558,,0,0,38
37,208.02543112823903,130,16.568217449864065,25.631054480943472,10.029272158380525,17.190299506176135,115,23.2470506592644,134,57.74944279804218,0,42,87,0,1,16.568217449864065,130,2021.0,9375.0,Apache,0.3,,33,0,38
38,38.92381989712754,18,8.765997566254764,11.683417514243999,5.467931493836806,9.157363702335712,18,12.300245006422845,18,29.280785731054785,0,3,15,0,0,8.765997566254764,18,2018.0,9767.0,Crescent Energy,0.7777777777777778,one operator >= 70%,0,0,38
