area_no,area_sqmi,n12,oil12_p50,oil12_p10_high,oil12_p90_low,oil12_mean,n24,oil24_p50,n_eur,bo_ft_p50,n_eur_cum_fallback,n_WCA_1,n_WCA_2,n_WCXY,n_other_tag,oil12_p50_exWCXY,n12_exWCXY,fp_year_p50,lateral_p50,top_operator,top_operator_share,flag,d1_puds_WCA_1+2,d1_puds_WCXY
1,58.2747274421511,18,13.105136664901874,18.948737689562495,8.163564661172906,13.06195566018939,13,18.416040609137056,18,42.94279276390789,0,6,12,0,0,13.105136664901874,18,2023.0,9848.5,Devon,0.7777777777777778,one operator >= 70%,38,0
2,39.402541311419625,21,14.045678909060486,20.65333888657504,3.8266883645240033,13.398974408638864,16,19.088252836708755,29,46.147512292691054,0,7,13,0,1,14.045678909060486,21,2023.0,10230.0,Matador,0.8095238095238095,one operator >= 70%,2,0
3,95.83200532378879,33,14.761186863837143,20.309996257322954,9.472596757276182,14.783124779328517,30,21.938241803392636,41,55.71666898373419,0,28,0,5,0,14.64568025230001,28,2022.0,9806.0,Matador,0.6666666666666666,,29,82
4,23.81078849215992,15,10.899273104880582,17.625784759841096,5.527881570369622,11.165566970489063,12,15.191658654154327,16,38.241196335692436,0,10,5,0,0,10.899273104880582,15,2022.0,9320.0,Permian Resources,0.6,pad-scale (< 25 sq mi),20,0
5,107.38715006926267,205,37.66221142162819,46.472690032463284,30.430610310732654,37.751056600437856,184,50.05563547345044,222,98.13796976401144,0,105,86,11,3,37.58397373356547,194,2023.0,9881.0,Devon,0.44878048780487806,,87,31
6,841.7213151324627,711,20.12554701935233,27.48338399189463,13.551646251411693,20.552137930432202,576,28.36040246976726,833,62.94812426729191,0,360,252,95,4,20.10802758274309,616,2022.0,9933.0,Devon,0.279887482419128,,479,674
7,57.15767664976883,113,31.232234138518592,39.08191104629668,24.638228630081407,31.541954098658145,110,40.732753100457046,113,73.71746093370862,0,49,22,42,0,31.00050505050505,71,2021.0,9824.0,Mewbourne,0.3274336283185841,,14,18
8,269.3339005769402,636,29.599835380617726,39.66247472108357,21.42795938081095,30.414226674811232,614,40.638779208604134,676,84.67132329717697,0,296,218,119,3,29.254921455557763,517,2021.0,9504.0,EOG,0.45125786163522014,,96,141
9,1059.3553200771585,1810,25.80328179346244,34.51483413395967,18.452924371467148,26.341233962928587,1592,36.08756813545547,2038,77.53380116555263,0,859,529,409,13,25.34795472086442,1401,2022.0,9828.0,Occidental,0.2839779005524862,,536,711
10,91.69458908636277,34,12.320970413578912,14.819918051430866,1.5805940921776958,10.587199403521009,31,19.117760226812475,41,54.30430317346205,0,9,22,3,0,12.092416843269142,31,2021.0,10874.5,Chevron,0.7058823529411765,one operator >= 70%,28,200
11,57.157676649768696,152,39.03610420639569,54.069435172860786,27.590619600045002,40.336663761953204,152,52.97309358604823,154,103.03882927803399,0,65,38,49,0,40.1982924226254,103,2020.0,7407.0,EOG,0.5592105263157895,,4,28
12,2.598076211353129,18,8.898642112849577,18.320218259402065,4.813087975140814,10.861274389895444,18,12.185796497576565,18,26.680879330523943,0,6,10,0,2,8.898642112849577,18,2024.0,10148.0,Permian Resources,1.0,pad-scale (< 25 sq mi); one operator >= 70%,0,0
13,99.59292143520327,260,20.418526985227917,26.66275205044599,14.748832406152914,20.648392656026825,231,29.608165374677004,278,71.977688941628,0,110,112,38,0,20.908475248216156,222,2021.0,10025.0,Devon,0.49615384615384617,,5,45
14,14.722431864334391,36,19.064838487647908,24.558050421898017,10.800508698078279,18.817466996718128,32,26.848869030480966,36,63.755317084420845,0,9,1,26,0,19.127960417303143,10,2020.0,9798.5,ConocoPhillips,0.8333333333333334,pad-scale (< 25 sq mi); one operator >= 70%,0,0
15,119.51150572224391,167,17.078789724845162,23.417783223540226,9.301637818495369,16.715566311217845,148,26.924388048524378,198,72.73661551823972,0,75,55,37,0,17.254134892507118,130,2020.0,9929.0,ConocoPhillips,0.3652694610778443,,8,104
16,134.67256751374595,63,14.07254740313273,17.99890936286107,8.854849320190715,13.683037149744862,59,19.357411358325713,71,42.37153096857195,0,17,41,4,1,13.765853114900256,59,2020.0,10141.0,Chevron,0.3968253968253968,,11,123
17,52.82028068006774,17,7.063442684766215,10.82569883253611,3.655508080995727,7.065059205968923,14,8.286246229260936,22,28.582673453996982,0,2,8,6,1,5.311989484555441,11,2023.0,10608.0,Permian Resources,0.6470588235294118,,9,70
18,50.22947341949381,63,13.569917624326248,19.75808060078988,9.992845461230212,14.160162589653545,59,20.490541090317333,68,64.8005355615813,0,20,36,5,2,13.56629794023592,58,2019.0,9878.0,Devon,0.3333333333333333,,22,25
19,56.291651245984426,69,13.681397006414825,18.90256971799481,7.776414955960901,13.555189048501562,69,21.1153037916857,69,58.582794307891334,0,29,28,12,0,13.681397006414825,57,2018.0,9530.0,Occidental,0.2608695652173913,,0,53
20,19.918584287040648,28,17.297357578278863,25.286915619745137,6.485936896646125,16.65304444197901,28,25.540363060050442,29,58.7441694090714,0,12,14,2,0,16.957078814619848,26,2019.0,7973.0,Petro-Hunt,0.35714285714285715,pad-scale (< 25 sq mi),0,1
21,436.47680350732526,584,21.936023129735858,30.233026556956037,15.499415073786736,22.547326451293465,528,32.3473828261767,619,76.92278509261325,0,280,184,117,3,21.824995152220282,467,2020.0,9622.0,Devon,0.2585616438356164,,26,366
22,843.954182905988,927,18.59391891891892,26.593978130989605,12.769398163960217,19.393243900370514,856,27.61991393147424,960,69.88003277314264,0,447,384,68,28,18.540959580376427,859,2020.0,9819.0,Devon,0.15965480043149946,,417,263
23,78.3969660062152,47,8.86279419128693,13.168493717992654,4.326559995611551,8.925626195461092,44,12.591229218601168,48,21.717461171892154,0,7,40,0,0,8.86279419128693,47,2019.0,7408.0,Petro-Hunt,0.425531914893617,,7,5
24,383.79526258612907,310,13.708981784782068,20.448623352190587,8.581147790046469,14.047563988293446,278,20.004811708111497,325,52.59563375692408,0,147,141,18,4,13.858369121146708,292,2020.0,9548.5,Permian Resources,0.19032258064516128,,16,170
25,85.73651497465305,137,18.30101989296173,27.39333778647837,11.525303452154391,19.10643500735611,132,26.176824388396934,147,64.10696112354977,0,78,56,0,3,18.30101989296173,137,2020.0,9715.0,Permian Resources,0.39416058394160586,,0,26
26,51.09549882327818,69,24.51939240506329,35.494003940361075,16.244089800667897,25.2259736159303,66,36.92565343936312,71,87.98425975894945,0,22,44,0,3,24.51939240506329,69,2019.0,9589.0,Occidental,0.2753623188405797,,0,63
27,12.990381056765642,23,11.846375086779728,17.361855644028225,9.089369191620161,12.422174644703547,20,15.573156550873378,23,57.98302743240576,0,7,13,0,3,11.846375086779728,23,2022.0,10194.0,Diamondback,0.6956521739130435,pad-scale (< 25 sq mi),3,0
28,16.454482671903147,18,8.681858701552862,18.365979219556333,4.942958285969601,9.585679402854343,18,12.73982554975149,18,27.37898000890872,0,12,6,0,0,8.681858701552862,18,2019.0,8427.0,Crescent Energy,0.5,pad-scale (< 25 sq mi),0,0
29,45.89934640057195,67,13.930917916269394,19.605685568518044,8.542583558442363,14.131978553597712,64,20.216550854874274,68,51.16834052020549,0,35,32,0,0,13.930917916269394,67,2019.0,9724.0,Permian Resources,0.2537313432835821,,0,12
30,276.20241367345506,418,22.09284283571572,32.311654389400985,15.943933942930869,23.034874327537185,398,32.083016769562775,436,71.97977563299538,0,274,143,0,1,22.09284283571572,418,2019.0,9425.5,Chevron,0.4138755980861244,,8,0
31,198.2640645326825,122,13.369333347280858,19.13111958750744,7.983278368347126,13.739097630138014,118,20.11070470244464,122,60.717080346109384,0,72,47,0,3,13.369333347280858,122,2019.0,10098.0,Continental Resources,0.3770491803278688,,36,0
32,32.84719854620713,43,11.595032180209172,14.864687750666155,5.724641460803465,11.02572996984723,40,15.965317194229897,43,38.993161094224924,0,23,19,0,1,11.595032180209172,43,2021.0,9278.0,Crescent Energy,0.4883720930232558,,0,0
33,247.02778879614496,189,12.837511146339047,17.81097416491593,8.767586241113777,13.215334912082254,177,19.09398170438132,198,53.60816770173304,0,90,97,0,2,12.837511146339047,189,2019.0,9943.0,Crescent Energy,0.2857142857142857,,0,0
34,208.02543112823903,130,16.568217449864065,25.631054480943472,10.029272158380525,17.190299506176135,115,23.2470506592644,134,57.74944279804218,0,42,87,0,1,16.568217449864065,130,2021.0,9375.0,Apache,0.3,,33,0
