k,mse,se_paired,r2
1,0.24903453888757748,0.005747736013627398,-0.01040961923401773
2,0.21651945908171,0.0036624454986854457,0.12151404706851665
3,0.2106348766457968,0.0033001562997674845,0.14538960555523073
4,0.20580472940902272,0.0027954624188621657,0.16498699655229376
5,0.20353248922657088,0.0025767570839227397,0.17420617292764717
6,0.20257206385135101,0.002479558155672099,0.1781029136850274
7,0.20246069550884646,0.0022541851815441904,0.17855476925914726
8,0.20058275208760568,0.0021156965507878253,0.18617416255967068
9,0.19990632924090235,0.002031473776979861,0.1889186178229112
10,0.19934617569548432,0.001984654120509703,0.19119133281684997
11,0.19892493707145456,0.001944079464086892,0.19290042730476242
12,0.19876142926636306,0.0019118841308872715,0.19356382869407274
13,0.19893382303876664,0.0018765707437070293,0.1928643742059094
14,0.1980488385533918,0.0017710683385376244,0.19645502810030457
15,0.1979936371281998,0.0017225351750458316,0.19667899723831483
16,0.19747732733609,0.0016805858321335874,0.1987738246577676
17,0.19860921296395279,0.0013112603929595118,0.19418141698863867
18,0.19852345079863123,0.0012981683647075306,0.19452938043657775
19,0.19883355784754977,0.0012748705104133728,0.1932711808847436
20,0.19854335940753842,0.0012094399074657556,0.1944486050949915
21,0.19862948058073723,0.0011818706551687825,0.19409918504181944
22,0.1978312029224212,0.0011488881174064511,0.19733804270543953
23,0.19751569685509895,0.0011097818400846976,0.19861814773333286
24,0.19712809696403566,0.0010822145249026627,0.20019075954892207
25,0.19674908978712624,0.0010109097053880563,0.2017285080837985
26,0.1962501325656692,0.0009160567891736535,0.2037529307939916
27,0.19620051375415506,0.0008419226682098738,0.20395424955352104
28,0.1959774419063292,0.000753238060000269,0.20485932056025924
29,0.19607871892970227,0.0007210168249842694,0.20444840856756685
30,0.1959473517254968,0.000693178163181839,0.20498140566657974
31,0.19566112629615007,0.0006888148093782005,0.2061427101521871
32,0.19537911288501097,0.0006489458491240541,0.207286925186137
33,0.195317307824495,0.0006014845189009991,0.20753768730106947
34,0.194791211326336,0.00045216218435982725,0.209672222393108
35,0.1943042205104072,0.00031052208152466097,0.21164809372039906
36,0.19460236369632458,0.0002344906298947782,0.21043843523565364
37,0.1942907436892897,0.0001475417696705942,0.21170277332329523
38,0.19408990231753656,0.0,0.21251764846015786
39,0.19414125284931008,0.00018457304932342246,0.2123093035796103
40,0.1942941170751796,0.00022327746237527562,0.21168908646055007
41,0.19489789809104185,0.00062779981528287,0.20923936141813937
42,0.19505533635782757,0.0006775870205705938,0.2086005860100919
43,0.19502151959837238,0.0007093747980741313,0.20873779099056367
44,0.19564193294063842,0.0007492815905123891,0.206220583491046
45,0.19583816758839714,0.0007780975946682963,0.20542439924845812
46,0.1956393190533464,0.000813170398255131,0.20623118883468727
47,0.19606667514836676,0.0008811675105424298,0.2044972738878863
48,0.19610708542303287,0.0008861916798876855,0.20433331699089952
49,0.19665906940607564,0.0009331397241448029,0.20209374842092986
50,0.1964132251300198,0.001025315963115582,0.20309121416391496
51,0.19669827328730657,0.0010682788133328826,0.20193468623267274
52,0.1963974030383984,0.0011262512247568678,0.20315540924963305
53,0.19633087263541307,0.0011290961792798392,0.20342534353042863
54,0.19671696783085726,0.001191277947428475,0.20185883672715765
55,0.19637939575060567,0.0012048248149852873,0.2032284703474364
56,0.19634426804666366,0.0012309868101693117,0.20337099423236882
57,0.19643566873328316,0.0012464043746812491,0.20300015357156143
58,0.1961361067184125,0.0013488217970889721,0.2042155686811864
59,0.19605657363159695,0.0013496090016191563,0.2045382588442648
60,0.19596487224612402,0.0013635444629714558,0.20491031953268513
