api10,well_name,operator,pool,reason,decided_by,decided_on
3002548143,EL CAMPEON FEDERAL COM #401H,Permian Resources,WCA,"Novi allocation defect: El Campeon / Los Vaqueros state-line program (each lateral booked in NM and TX under two api10s, production split; TX side ~3x low on oil and gas, same GOR); raised with Novi by Michael",Michael,2026-10-09
3002548137,EL CAMPEON FEDERAL COM #404H,Permian Resources,WCA,"Novi allocation defect: El Campeon / Los Vaqueros state-line program (each lateral booked in NM and TX under two api10s, production split; TX side ~3x low on oil and gas, same GOR); raised with Novi by Michael",Michael,2026-10-09
3002548136,EL CAMPEON FEDERAL COM #412H,Permian Resources,WCA,"Novi allocation defect: El Campeon / Los Vaqueros state-line program (each lateral booked in NM and TX under two api10s, production split; TX side ~3x low on oil and gas, same GOR); raised with Novi by Michael",Michael,2026-10-09
3002547827,EL CAMPEON FEDERAL COM #413H,Permian Resources,WCA,"Novi allocation defect: El Campeon / Los Vaqueros state-line program (each lateral booked in NM and TX under two api10s, production split; TX side ~3x low on oil and gas, same GOR); raised with Novi by Michael",Michael,2026-10-09
3002547828,EL CAMPEON FEDERAL COM #431H,Permian Resources,WCA,"Novi allocation defect: El Campeon / Los Vaqueros state-line program (each lateral booked in NM and TX under two api10s, production split; TX side ~3x low on oil and gas, same GOR); raised with Novi by Michael",Michael,2026-10-09
3002547394,EL CAMPEON FEDERAL COM #432H,Permian Resources,WCA,"Novi allocation defect: El Campeon / Los Vaqueros state-line program (each lateral booked in NM and TX under two api10s, production split; TX side ~3x low on oil and gas, same GOR); raised with Novi by Michael",Michael,2026-10-09
3002548112,EL CAMPEON FEDERAL COM #433H,Permian Resources,WCA,"Novi allocation defect: El Campeon / Los Vaqueros state-line program (each lateral booked in NM and TX under two api10s, production split; TX side ~3x low on oil and gas, same GOR); raised with Novi by Michael",Michael,2026-10-09
3002549274,EL CAMPEON FEDERAL COM #434H,Permian Resources,WCA,"Novi allocation defect: El Campeon / Los Vaqueros state-line program (each lateral booked in NM and TX under two api10s, production split; TX side ~3x low on oil and gas, same GOR); raised with Novi by Michael",Michael,2026-10-09
4230136693,EL CAMPEON SOUTH FED COM 401H,Permian Resources,WCA,"Novi allocation defect: El Campeon / Los Vaqueros state-line program (each lateral booked in NM and TX under two api10s, production split; TX side ~3x low on oil and gas, same GOR); raised with Novi by Michael",Michael,2026-10-09
4230136723,EL CAMPEON SOUTH FED COM 431H,Permian Resources,WCA,"Novi allocation defect: El Campeon / Los Vaqueros state-line program (each lateral booked in NM and TX under two api10s, production split; TX side ~3x low on oil and gas, same GOR); raised with Novi by Michael",Michael,2026-10-09
4230136060,EL CAMPEON UNIT 2 412H,Permian Resources,WCA,"Novi allocation defect: El Campeon / Los Vaqueros state-line program (each lateral booked in NM and TX under two api10s, production split; TX side ~3x low on oil and gas, same GOR); raised with Novi by Michael",Michael,2026-10-09
4230136057,EL CAMPEON UNIT 2 432H,Permian Resources,WCA,"Novi allocation defect: El Campeon / Los Vaqueros state-line program (each lateral booked in NM and TX under two api10s, production split; TX side ~3x low on oil and gas, same GOR); raised with Novi by Michael",Michael,2026-10-09
4230136062,EL CAMPEON UNIT 3 413H,Permian Resources,WCA,"Novi allocation defect: El Campeon / Los Vaqueros state-line program (each lateral booked in NM and TX under two api10s, production split; TX side ~3x low on oil and gas, same GOR); raised with Novi by Michael",Michael,2026-10-09
4230136061,EL CAMPEON UNIT 3 433H,Permian Resources,WCA,"Novi allocation defect: El Campeon / Los Vaqueros state-line program (each lateral booked in NM and TX under two api10s, production split; TX side ~3x low on oil and gas, same GOR); raised with Novi by Michael",Michael,2026-10-09
3002549219,LOS VAQUEROS FEDERAL #431H,Permian Resources,WCA,"Novi allocation defect: El Campeon / Los Vaqueros state-line program (each lateral booked in NM and TX under two api10s, production split; TX side ~3x low on oil and gas, same GOR); raised with Novi by Michael",Michael,2026-10-09
3002549919,LOS VAQUEROS FEDERAL #442H,Permian Resources,WCA,"Novi allocation defect: El Campeon / Los Vaqueros state-line program (each lateral booked in NM and TX under two api10s, production split; TX side ~3x low on oil and gas, same GOR); raised with Novi by Michael",Michael,2026-10-09
3002551446,LOS VAQUEROS FEDERAL #443H,Permian Resources,WCA,"Novi allocation defect: El Campeon / Los Vaqueros state-line program (each lateral booked in NM and TX under two api10s, production split; TX side ~3x low on oil and gas, same GOR); raised with Novi by Michael",Michael,2026-10-09
3002549577,LOS VAQUEROS FEDERAL #462H,Permian Resources,WCA,"Novi allocation defect: El Campeon / Los Vaqueros state-line program (each lateral booked in NM and TX under two api10s, production split; TX side ~3x low on oil and gas, same GOR); raised with Novi by Michael",Michael,2026-10-09
3002550002,LOS VAQUEROS FEDERAL #463H,Permian Resources,WCA,"Novi allocation defect: El Campeon / Los Vaqueros state-line program (each lateral booked in NM and TX under two api10s, production split; TX side ~3x low on oil and gas, same GOR); raised with Novi by Michael",Michael,2026-10-09
3002549575,LOS VAQUEROS FEDERAL COM #444H,Permian Resources,WCA,"Novi allocation defect: El Campeon / Los Vaqueros state-line program (each lateral booked in NM and TX under two api10s, production split; TX side ~3x low on oil and gas, same GOR); raised with Novi by Michael",Michael,2026-10-09
3002549576,LOS VAQUEROS FEDERAL COM #464H,Permian Resources,WCA,"Novi allocation defect: El Campeon / Los Vaqueros state-line program (each lateral booked in NM and TX under two api10s, production split; TX side ~3x low on oil and gas, same GOR); raised with Novi by Michael",Michael,2026-10-09
4230136361,LOS VAQUEROS UNIT 2 442H,Permian Resources,WCA,"Novi allocation defect: El Campeon / Los Vaqueros state-line program (each lateral booked in NM and TX under two api10s, production split; TX side ~3x low on oil and gas, same GOR); raised with Novi by Michael",Michael,2026-10-09
4230136360,LOS VAQUEROS UNIT 2 462H,Permian Resources,WCA,"Novi allocation defect: El Campeon / Los Vaqueros state-line program (each lateral booked in NM and TX under two api10s, production split; TX side ~3x low on oil and gas, same GOR); raised with Novi by Michael",Michael,2026-10-09
4230136689,LOS VAQUEROS UNIT 3 443H,Permian Resources,WCA,"Novi allocation defect: El Campeon / Los Vaqueros state-line program (each lateral booked in NM and TX under two api10s, production split; TX side ~3x low on oil and gas, same GOR); raised with Novi by Michael",Michael,2026-10-09
4230136691,LOS VAQUEROS UNIT 3 463H,Permian Resources,WCA,"Novi allocation defect: El Campeon / Los Vaqueros state-line program (each lateral booked in NM and TX under two api10s, production split; TX side ~3x low on oil and gas, same GOR); raised with Novi by Michael",Michael,2026-10-09
4230136555,LOS VAQUEROS UNIT 4 444H,Permian Resources,WCA,"Novi allocation defect: El Campeon / Los Vaqueros state-line program (each lateral booked in NM and TX under two api10s, production split; TX side ~3x low on oil and gas, same GOR); raised with Novi by Michael",Michael,2026-10-09
4230136557,LOS VAQUEROS UNIT 4 464H,Permian Resources,WCA,"Novi allocation defect: El Campeon / Los Vaqueros state-line program (each lateral booked in NM and TX under two api10s, production split; TX side ~3x low on oil and gas, same GOR); raised with Novi by Michael",Michael,2026-10-09
3002554602,EL CAMPEON FEDERAL COM #122H,Permian Resources,BS2_S,"Novi allocation defect: El Campeon / Los Vaqueros state-line program (each lateral booked in NM and TX under two api10s, production split; TX side ~3x low on oil and gas, same GOR); raised with Novi by Michael",Michael,2026-10-09
3002554603,EL CAMPEON FEDERAL COM #123H,Permian Resources,BS2_S,"Novi allocation defect: El Campeon / Los Vaqueros state-line program (each lateral booked in NM and TX under two api10s, production split; TX side ~3x low on oil and gas, same GOR); raised with Novi by Michael",Michael,2026-10-09
3002554604,EL CAMPEON FEDERAL COM #124H,Permian Resources,BS2_S,"Novi allocation defect: El Campeon / Los Vaqueros state-line program (each lateral booked in NM and TX under two api10s, production split; TX side ~3x low on oil and gas, same GOR); raised with Novi by Michael",Michael,2026-10-09
3002554605,EL CAMPEON FEDERAL COM #151H,Permian Resources,BS2_S,"Novi allocation defect: El Campeon / Los Vaqueros state-line program (each lateral booked in NM and TX under two api10s, production split; TX side ~3x low on oil and gas, same GOR); raised with Novi by Michael",Michael,2026-10-09
3002554606,EL CAMPEON FEDERAL COM #152H,Permian Resources,BS2_S,"Novi allocation defect: El Campeon / Los Vaqueros state-line program (each lateral booked in NM and TX under two api10s, production split; TX side ~3x low on oil and gas, same GOR); raised with Novi by Michael",Michael,2026-10-09
3002548108,EL CAMPEON FEDERAL COM #214H,Permian Resources,BS2_S,"Novi allocation defect: El Campeon / Los Vaqueros state-line program (each lateral booked in NM and TX under two api10s, production split; TX side ~3x low on oil and gas, same GOR); raised with Novi by Michael",Michael,2026-10-09
4230137357,EL CAMPEON SOUTH FED COM 151H,Permian Resources,BS2_S,"Novi allocation defect: El Campeon / Los Vaqueros state-line program (each lateral booked in NM and TX under two api10s, production split; TX side ~3x low on oil and gas, same GOR); raised with Novi by Michael",Michael,2026-10-09
4230137364,EL CAMPEON UNIT 2 122H,Permian Resources,BS2_S,"Novi allocation defect: El Campeon / Los Vaqueros state-line program (each lateral booked in NM and TX under two api10s, production split; TX side ~3x low on oil and gas, same GOR); raised with Novi by Michael",Michael,2026-10-09
4230137366,EL CAMPEON UNIT 2 152H,Permian Resources,BS2_S,"Novi allocation defect: El Campeon / Los Vaqueros state-line program (each lateral booked in NM and TX under two api10s, production split; TX side ~3x low on oil and gas, same GOR); raised with Novi by Michael",Michael,2026-10-09
4230137370,EL CAMPEON UNIT 3 123H,Permian Resources,BS2_S,"Novi allocation defect: El Campeon / Los Vaqueros state-line program (each lateral booked in NM and TX under two api10s, production split; TX side ~3x low on oil and gas, same GOR); raised with Novi by Michael",Michael,2026-10-09
4230137378,EL CAMPEON UNIT 4 124H,Permian Resources,BS2_S,"Novi allocation defect: El Campeon / Los Vaqueros state-line program (each lateral booked in NM and TX under two api10s, production split; TX side ~3x low on oil and gas, same GOR); raised with Novi by Michael",Michael,2026-10-09
3002554482,LOS VAQUEROS FEDERAL #121H,Permian Resources,BS2_S,"Novi allocation defect: El Campeon / Los Vaqueros state-line program (each lateral booked in NM and TX under two api10s, production split; TX side ~3x low on oil and gas, same GOR); raised with Novi by Michael",Michael,2026-10-09
3002554484,LOS VAQUEROS FEDERAL #123H,Permian Resources,BS2_S,"Novi allocation defect: El Campeon / Los Vaqueros state-line program (each lateral booked in NM and TX under two api10s, production split; TX side ~3x low on oil and gas, same GOR); raised with Novi by Michael",Michael,2026-10-09
3002554485,LOS VAQUEROS FEDERAL #151H,Permian Resources,BS2_S,"Novi allocation defect: El Campeon / Los Vaqueros state-line program (each lateral booked in NM and TX under two api10s, production split; TX side ~3x low on oil and gas, same GOR); raised with Novi by Michael",Michael,2026-10-09
3002554490,LOS VAQUEROS FEDERAL COM #154H,Permian Resources,BS2_S,"Novi allocation defect: El Campeon / Los Vaqueros state-line program (each lateral booked in NM and TX under two api10s, production split; TX side ~3x low on oil and gas, same GOR); raised with Novi by Michael",Michael,2026-10-09
4230137324,LOS VAQUEROS UNIT 2 121H,Permian Resources,BS2_S,"Novi allocation defect: El Campeon / Los Vaqueros state-line program (each lateral booked in NM and TX under two api10s, production split; TX side ~3x low on oil and gas, same GOR); raised with Novi by Michael",Michael,2026-10-09
4230137346,LOS VAQUEROS UNIT 2 151H,Permian Resources,BS2_S,"Novi allocation defect: El Campeon / Los Vaqueros state-line program (each lateral booked in NM and TX under two api10s, production split; TX side ~3x low on oil and gas, same GOR); raised with Novi by Michael",Michael,2026-10-09
4230137348,LOS VAQUEROS UNIT 3 123H,Permian Resources,BS2_S,"Novi allocation defect: El Campeon / Los Vaqueros state-line program (each lateral booked in NM and TX under two api10s, production split; TX side ~3x low on oil and gas, same GOR); raised with Novi by Michael",Michael,2026-10-09
4230137353,LOS VAQUEROS UNIT 4 125H,Permian Resources,BS2_S,"Novi allocation defect: El Campeon / Los Vaqueros state-line program (each lateral booked in NM and TX under two api10s, production split; TX side ~3x low on oil and gas, same GOR); raised with Novi by Michael",Michael,2026-10-09
